w1	w2	w3	w4	count	p_cond
.	સી	.	બી	2	1.00000000
આ	આરોપી	ને	ઝડપી	2	1.00000000
આરોપી	ને	ઝડપી	પાડવા	2	1.00000000
એલ	.	સી	.	2	1.00000000
ને	ઝડપી	પાડવા	માટે	2	1.00000000
ભયના	કારણે	તેમની	અંદર	2	1.00000000
સી	.	બી	.	2	1.00000000
!	કોઈ	કંપની	તેઓ	1	1.00000000
!	નર્મદા	જીલ્લાના	ડેડીયાપાડા	1	1.00000000
,	2008	માં	અપરાધ	1	1.00000000
,	Deep@Gmi.com	,	https://hello.com	1	1.00000000
,	https://hello.com	તેવાં	પ્રાણીઓનાં	1	1.00000000
,	અઠવાડિયામાં	એક	વખત	1	1.00000000
,	અથવા	કલાક	દીઠ	1	1.00000000
,	અને	બે	યુવાન	1	1.00000000
,	અને	વજન	ઘટાડવા	1	1.00000000
,	અને	શું	અમિતાભ	1	1.00000000
,	અમને	આસપાસ	મન	1	1.00000000
,	આણંદ	,	નડિયાદ	1	1.00000000
,	ઉદાહરણ	તરીકે	,	1	1.00000000
,	એ	જોવું	રસપ્રદ	1	1.00000000
,	એમ	અમેરિકાની	વૈશ્વિક	1	1.00000000
,	ગાંધીનગર	અને	અમદાવાદમાં	1	1.00000000
,	ગોધરા	,	આણંદ	1	1.00000000
,	ચેતનભાઇ	ના	પિતાશ્રીનું	1	1.00000000
,	ચોરી	વસ્તુઓ	પરત	1	1.00000000
,	જણાવ્યું	હતું	કે	1	1.00000000
,	જૂના	માણસ	તેના	1	1.00000000
,	જે	100	લોડ	1	1.00000000
,	જ્યાંથી	અમદાવાદ	તેમજ	1	1.00000000
,	તેઓ	તેને	સારવાર	1	1.00000000
,	તેને	જોવા	માટે	1	1.00000000
,	તેમણે	તે	સારું	1	1.00000000
,	તેમણે	વચન	આપ્યું	1	1.00000000
,	તેમાં	એ	બીજા	1	1.00000000
,	ત્યારે	બીજી	તરફ	1	1.00000000
,	ત્રિપુરા	,	નાગાલેન્ડ	1	1.00000000
,	દિલીપ	અને	રબારી	1	1.00000000
,	નડિયાદ	અને	વડોદરા	1	1.00000000
,	નાગાલેન્ડ	અને	મેઘાલયમાં	1	1.00000000
,	નેતાઓ	તો	તમાશો	1	1.00000000
,	પંપનું	જૂથ	સ્થાપિત	1	1.00000000
,	પ્રોવિડન્ટ	ફંડ	અને	1	1.00000000
,	પ્લેટ	હીટ	એક્સ્ચેન્જર	1	1.00000000
,	બે	તબક્કા	છે	1	1.00000000
,	માત્ર	સુપર	મોડલ	1	1.00000000
,	મિલનભાઇ	હરીશભાઇ	માવાણીએ	1	1.00000000
,	વિનોદ	,	દિલીપ	1	1.00000000
,	વિપક્ષના	સરકાર	પર	1	1.00000000
,	વેરા	વધારવા	બાબતે	1	1.00000000
,	વ્યક્તિગત	ઉષ્ણતા	બિંદુ	1	1.00000000
,	શહેર	ભથ્થું	,	1	1.00000000
,	સગર્ભા	સ્ત્રીઓ	અને	1	1.00000000
,	સમજશક્તિ	,	અમને	1	1.00000000
,	સાંજે	ચા	અને	1	1.00000000
,	હાલોલ	,	ગોધરા	1	1.00000000
.	48.	જેમના	કાન	1	1.00000000
.	અઠવાડિયાના	અંતે	કોઈ	1	1.00000000
.	અવાજ	સુનાવણી	,	1	1.00000000
.	અહીંયાં	આપણે	કઈ	1	1.00000000
.	આ	અઠવાડિયે	ખર્ચો	1	1.00000000
.	આ	આંકડો	માટે	1	1.00000000
.	આ	ઉદ્ઘાટન	પ્રસંગે	1	1.00000000
.	આ	કિસ્સામાં	,	1	1.00000000
.	આ	કેદીઓને	ત્રણ	1	1.00000000
.	આ	ઠેકાઓ	પરથી	1	1.00000000
.	આઇ	એચ	જી	1	1.00000000
.	આબુથી	આવતો	દારૃનો	1	1.00000000
.	આમ	આ	ભયના	1	1.00000000
.	આરોપી	કલ્પેશ	અગ્રવાલને	1	1.00000000
.	આવા	કપરા	સમયમાં	1	1.00000000
.	ઉખાણાઓ	બાળકો	અને	1	1.00000000
.	એલ	.	સી	1	1.00000000
.	એસ	.	આઇ	1	0.50000000
.	એસ	.	પી	1	0.50000000
.	કર્ક	મહિલા	વર્ગના	1	1.00000000
.	કાગદડી	નજીક	વેગનઆર	1	1.00000000
.	કાર	વીમા	પ્રદાતાઓ	1	1.00000000
.	કારણ	કે	પેટના	1	1.00000000
.	કેટલાક	જાતકો	માટે	1	1.00000000
.	કેન્દ્રીય	કર્મચારીઓને	ડીએની	1	1.00000000
.	કેન્દ્રીય	મંત્રી	જ્યોતિરાદિત્ય	1	1.00000000
.	કોર્ટે	આ	નિર્ણય	1	1.00000000
.	ખાસ	કરીને	ગામડાના	1	1.00000000
.	ખુબજ	મુશ્કેલ	હોતુ	1	1.00000000
.	ગાર્ગી	કૉલેજમાં	છેડતીનો	1	1.00000000
.	ગ્રો	અને	લોકો	1	1.00000000
.	જૂના	માણસ	તેની	1	1.00000000
.	જેને	પગલે	આખરે	1	1.00000000
.	જેને	વ્યાપક	સર્મથન	1	1.00000000
.	જોકે	,	એ	1	1.00000000
.	જ્યારે	મોરારીબાપુએ	ગાંધીજીની	1	1.00000000
.	ડી	.	વસાવા	1	1.00000000
.	તમારા	માટે	એક	1	1.00000000
.	તે	જ	વર્ષે	1	1.00000000
.	તેઓ	મેમરી	,	1	1.00000000
.	તેના	બેગ	લીધો	1	1.00000000
.	તેમજ	ત્રણ	દિવસ	1	1.00000000
.	તેમણે	કહ્યું	કે	1	1.00000000
.	તેમણે	કુલ	રૂા	1	1.00000000
.	તેમણે	તેમને	મુલાકાત	1	1.00000000
.	ત્યાં	તેને	માટે	1	1.00000000
.	ત્યારબાદ	હોસ્પિટલનું	અવલોકન	1	1.00000000
.	દબાણના	ડ્રોપની	ભરપાઈ	1	1.00000000
.	દેશના	ઝડપથી	વૃદ્ધિ	1	1.00000000
.	ધન	ખરીદવાનું	અને	1	1.00000000
.	ધારાસભ્ય	પી	.	1	1.00000000
.	નમૂનારૂપ	ઉત્તર	આમ	1	1.00000000
.	ના	પી	.	1	1.00000000
.	પછી	ખેડૂતો	ઉમળકાભેર	1	1.00000000
.	પછી	સ્ક્રિપ	થી	1	1.00000000
.	પણ	હું	ઇચ્છતી	1	1.00000000
.	પી	મહેન્દ્	બગાડીયાની	1	1.00000000
.	પુરાવા	આપવા	માટે	1	1.00000000
.	પુરું	પાડવામાં	અને	1	1.00000000
.	પ્રણવ	મુખરજીએ	હોસ્પિટલની	1	1.00000000
.	બદલામાં	,	તેમણે	1	1.00000000
.	બાળ	કેદીઓને	મુક્ત	1	1.00000000
.	બી	.	આ	1	0.50000000
.	બી	.	ના	1	0.50000000
.	ભાજપના	કાર્યકરોએ	જન	1	1.00000000
.	મિશિગનના	નો	ફોલ્ટ	1	1.00000000
.	મોરબીના	નાગડાવાસ	નજીક	1	1.00000000
.	યાત્રા	માટે	સમય	1	1.00000000
.	યુનાઇટેડ	સ્ટેટ્સ	બ્યુરો	1	1.00000000
.	રપ	ના	રોજ	1	1.00000000
.	રર	૩	ના	1	1.00000000
.	રાજપીપળા	પાલિકાના	છેલ્લા	1	1.00000000
.	રાજસ્થાનના	બિચ્છુવાડાથી	શામળાજી	1	1.00000000
.	રાજ્યના	બાળગૃહોમાં	લગભગ	1	1.00000000
.	રાષ્ટ્રપતિએ	ગાંધીજીની	પ્રતિમાનું	1	1.00000000
.	રિજેક્શનના	ભયના	કારણે	1	1.00000000
.	વલણ	ધરાવતા	તરુણો	1	1.00000000
.	વસાવા	તમારા	પક્ષના	1	1.00000000
.	વા	લેનારા	80	1	1.00000000
.	વીણાએ	કહ્યુ	હતું	1	1.00000000
.	સંમત	,	ચોરી	1	1.00000000
.	સગર્ભાવસ્થામાં	ઠંડીથી	ઇન્હેલેશન	1	1.00000000
.	સજ્જન	તેમને	જણાવ્યું	1	1.00000000
.	સદ્ગતનું	ટેલીફોનીક	બેસણુ	1	1.00000000
.	સરકાર	વિકાસના	કામો	1	1.00000000
.	સહીત	અનેક	વેધક	1	1.00000000
.	સૌથી	વધુ	લોકપ્રિય	1	1.00000000
.	હાઈકોર્ટના	નિર્દેશોના	પગલે	1	1.00000000
.	હીટિંગ	સિસ્ટમ	માટે	1	1.00000000
.	હોટ	વોટર	સપ્લાયરની	1	1.00000000
.	૧.	૯૭	કરોડોનો	1	1.00000000
.	૧૦.	૪૨	કરોડની	1	1.00000000
.	૧૫.	૬૦	કરોડના	1	1.00000000
.	૭	પ	નિવૃત	1	1.00000000
.	૮.	૪૫	કરોડની	1	1.00000000
...	આપણાં	શાસ્ત્રોમાં	ધનતેરસ	1	1.00000000
...	ઉત્તર	પ્રદેશમાં	લગભગ	1	1.00000000
10	વર્ષના	યોજનાકીય	કામની	1	1.00000000
100	લોડ	માટે	રચાયેલ	1	1.00000000
2008	માં	અપરાધ	દ્રશ્ય	1	1.00000000
23.	97	ડોલર	હતો	1	1.00000000
3	ડી	ફિલ્મમાં	કામ	1	1.00000000
30,000	બાળકો	બંધ	છે	1	1.00000000
32,000	થી	83,000	ડોલરની	1	1.00000000
359	.	બાળ	કેદીઓને	1	1.00000000
48.	જેમના	કાન	સરળતાથી	1	1.00000000
55,040	હતો	,	અથવા	1	1.00000000
80	દર્દીઓમાં	આ	સિન્ડ્રોમ	1	1.00000000
83,000	ડોલરની	વચ્ચેનો	પગાર	1	1.00000000
97	ડોલર	હતો	.	1	1.00000000
?	.	આવા	કપરા	1	1.00000000
Deep@Gmi.com	,	https://hello.com	તેવાં	1	1.00000000
https://hello.com	તેવાં	પ્રાણીઓનાં	નામ	1	1.00000000
અંકલેશ્વર	આવી	પહોંચ્યાં	હતાં	1	1.00000000
અંતે	કોઈ	વાતને	લઈને	1	1.00000000
અંદર	આત્મવિશ્વાસનો	અભાવ	દેખાવા	1	1.00000000
અંદર	એવી	લાગણી	ઉત્પન્ન	1	1.00000000
અગવડતાને	કારણે	નહીં	કરે	1	1.00000000
અગ્રવાલને	પકડવા	માટે	નર્મદા	1	1.00000000
અગ્રવાલે	ખેડુતોને	રૃપીયા	ચુકવ્યા	1	1.00000000
અટકે	કરશે	.	સંમત	1	1.00000000
અઠવાડિયાના	અંતે	કોઈ	વાતને	1	1.00000000
અઠવાડિયામાં	એક	વખત	.	1	1.00000000
અઠવાડિયે	ખર્ચો	વધારે	થશે	1	1.00000000
અથવા	કલાક	દીઠ	23.	1	1.00000000
અધ્યક્ષ	રાહુલ	ગાંધી	દ્વારા	1	1.00000000
અનરજીસ્ટર્ડ	પર્સન	પાસેથી	દર્શાવેલ	1	1.00000000
અનલોડ	છે	.	આ	1	1.00000000
અનાવરણ	કર્યું	તહું	.	1	1.00000000
અનાવરણ	કર્યું	હતું	.	1	1.00000000
અનુભવ	નવો	અને	સારો	1	1.00000000
અનુસાર	,	2008	માં	1	1.00000000
અને	અમદાવાદમાં	બૂટલેગર	સુનિલ	1	1.00000000
અને	આ	ક્ષેત્રના	લોકોનો	1	1.00000000
અને	એસ્ટેટ	આપી	ન	1	1.00000000
અને	કહ્યું	જાદુ	અને	1	1.00000000
અને	ખૂબ	જ	મેદસ્વી	1	1.00000000
અને	ગ્રેચ્યુઇટીમાં	પણ	વધારો	1	1.00000000
અને	જૂના	માણસ	ખવડાવી	1	1.00000000
અને	ડી	વાય	એસ	1	1.00000000
અને	તેઓ	એટલી	સારી	1	1.00000000
અને	તેની	પત્ની	સાથે	1	1.00000000
અને	તેને	હરાવ્યું	સુધી	1	1.00000000
અને	દાન	કરવાનું	મહત્ત્વ	1	1.00000000
અને	નેતાઓને	કરતા	ખળભળાટ	1	1.00000000
અને	પર્સ	પરત	કરવાનું	1	1.00000000
અને	પુખ્ત	વયના	લોકો	1	1.00000000
અને	બે	યુવાન	અને	1	1.00000000
અને	મેઘાલયમાં	લોકોના	જનાદેશનો	1	1.00000000
અને	રબારી	દ્વારા	મોટાપાયે	1	1.00000000
અને	રમુજી	ઉખાણાઓ	એક	1	1.00000000
અને	રાજ્યસભાના	સાંસદ	અહેમદ	1	1.00000000
અને	લોકો	સ્મિત	આપીને	1	1.00000000
અને	વજન	ઘટાડવા	માટે	1	1.00000000
અને	વડોદરા	શહેર	જિલ્લામાં	1	1.00000000
અને	વિરસિંહને	ત્યાં	ઉતારવામાં	1	1.00000000
અને	વિશ્વના	દ્રષ્ટિ	વ્યાપક	1	1.00000000
અને	શું	અમિતાભ	બચ્ચના	1	1.00000000
અને	સમૃદ્ધ	હતા	.	1	1.00000000
અને	સારો	હતો	.	1	1.00000000
અનેક	વેધક	સવાલો	પત્રિકાના	1	1.00000000
અન્ય	વેપારીઓને	રૂા	.	1	1.00000000
અપરાધ	દ્રશ્ય	તપાસકર્તાઓ	માટેનો	1	1.00000000
અપાયુ	હતુ	.	જેને	1	1.00000000
અભાવ	દેખાવા	લાગે	છે	1	1.00000000
અભિપ્રાય	લિધો	છે	?	1	1.00000000
અમદાવાદ	તેમજ	ઉત્તર	ગુજરાતમાં	1	1.00000000
અમદાવાદમાં	બૂટલેગર	સુનિલ	,	1	1.00000000
અમને	આસપાસ	મન	અને	1	1.00000000
અમિતાભ	બચ્ચના	ટ્વિટર	છોડવાના	1	1.00000000
અમેરિકાની	વૈશ્વિક	સંશોધન	સંસ્થા	1	1.00000000
અમેરિકામાં	32,000	થી	83,000	1	1.00000000
અર્પણ	કર્યા	હતા	.	1	1.00000000
અલગ	અલગ	ટીમો	બનાવી	1	1.00000000
અલગ	ટીમો	બનાવી	હતી	1	1.00000000
અવલોકન	કર્યું	હતું	.	1	1.00000000
અવસાન	પામેલ	છે	.	1	1.00000000
અવાજ	સુનાવણી	,	જૂના	1	1.00000000
અવાઝ	ઉઠાવવો	પડશે	,	1	1.00000000
અહીંયાં	આપણે	કઈ	રીતે	1	1.00000000
અહેમદ	પટેલ	હાજર	રહ્યા	1	1.00000000
આ	અઠવાડિયે	ખર્ચો	વધારે	1	1.00000000
આ	આંકડો	માટે	,	1	1.00000000
આ	આરોપીને	મહારાષ્ટ્રથી	ઝડપી	1	1.00000000
આ	ઉદ્ઘાટન	પ્રસંગે	ગુજરાતના	1	1.00000000
આ	કિસ્સામાં	,	વ્યક્તિગત	1	1.00000000
આ	કેદીઓને	ત્રણ	વર્ષ	1	1.00000000
આ	કેદીઓને	બાળગૃહમાંથી	મુકત	1	1.00000000
આ	ક્ષેત્રના	લોકોનો	વિશ્વાસ	1	1.00000000
આ	ક્ષેત્રે	રોજગારીની	તક	1	1.00000000
આ	ખાસ	યુઝર્સને	જતા	1	1.00000000
આ	જાદુઈ	ભેટ	આપી	1	1.00000000
આ	ઠેકાઓ	પરથી	લીમડી	1	1.00000000
આ	નિર્ણય	કોરોના	વાયરસના	1	1.00000000
આ	બધી	ફિલ્મો	લગભગ	1	1.00000000
આ	ભયના	કારણે	તેમની	1	1.00000000
આ	મુદ્દે	ભીલીસ્તાન	ટાઇગર	1	1.00000000
આ	સજ્જન	શીખ્યા	સાથે	1	1.00000000
આ	સારા	જૂના	માણસ	1	1.00000000
આ	સિન્ડ્રોમ	જોવા	મળે	1	1.00000000
આંકડો	માટે	,	અને	1	1.00000000
આઇ	એચ	જી	ભરવાડ	1	1.00000000
આઇટીપી	નું	કામ	એક	1	1.00000000
આખરે	આ	આરોપીને	મહારાષ્ટ્રથી	1	1.00000000
આખરે	ત્રણ	રાજ્યોમાં	મળેલ	1	1.00000000
આગ	ભરૂચથી	રાષ્ટ્રપતિ	અંકલેશ્વર	1	1.00000000
આગળ	યોનિમાર્ગ	ખેંચે	છે	1	1.00000000
આગામી	પાંચ	વર્ષમાં	૨૦૨૨	1	1.00000000
આણંદ	,	નડિયાદ	અને	1	1.00000000
આત્મવિશ્વાસનો	અભાવ	દેખાવા	લાગે	1	1.00000000
આદરી	હતી	.	જેને	1	1.00000000
આદીવાસી	ખેડુતોને	વધુ	સારો	1	1.00000000
આપ	તે	વાતો	ફરી	1	1.00000000
આપઘાત	કરી	લેતાં	હાલ	1	1.00000000
આપણાં	શાસ્ત્રોમાં	ધનતેરસ	વિશે	1	1.00000000
આપણે	કઈ	રીતે	પૂજન	1	1.00000000
આપનાં	પેરેન્ટ્સે	આપને	કહી	1	1.00000000
આપને	કહી	હોય	છે	1	1.00000000
આપવા	માટે	નિષ્ફળતા	ભારે	1	1.00000000
આપવામાં	આવી	છે	.	1	1.00000000
આપી	.	પછી	સ્ક્રિપ	1	1.00000000
આપી	ન	હતી	.	1	1.00000000
આપીને	!	નર્મદા	જીલ્લાના	1	1.00000000
આપીશ	તેમ	કહી	ને	1	1.00000000
આપે	છે	કે	નહીં	1	1.00000000
આપે	છે	તો	પછી	1	1.00000000
આપ્યું	હતું	કે	તેઓ	1	1.00000000
આબુથી	આવતો	દારૃનો	જથ્થો	1	1.00000000
આમ	,	મિલનભાઇ	હરીશભાઇ	1	1.00000000
આમ	આ	ભયના	કારણે	1	1.00000000
આરોપ	આ	સારા	જૂના	1	1.00000000
આરોપી	કલ્પેશ	અગ્રવાલને	પકડવા	1	1.00000000
આરોપીને	મહારાષ્ટ્રથી	ઝડપી	પાડયો	1	1.00000000
આવકને	નુકશાન	પહોંચાડેલ	છે	1	1.00000000
આવતો	દારૃનો	જથ્થો	સાંચોર	1	1.00000000
આવશે	.	આ	કેદીઓને	1	1.00000000
આવશે	.	હાઈકોર્ટના	નિર્દેશોના	1	1.00000000
આવા	કપરા	સમયમાં	તઘલખી	1	1.00000000
આવી	છે	.	તેમણે	1	0.50000000
આવી	છે	.	રાજ્યના	1	0.50000000
આવી	પહોંચ્યાં	હતાં	જ્યાં	1	1.00000000
આવે	.	48.	જેમના	1	1.00000000
આવે	છે	,	જે	1	0.50000000
આવે	છે	,	જ્યાંથી	1	0.50000000
આવે	છે	.	હીટિંગ	1	1.00000000
આવેલી	છે	.	ધન	1	1.00000000
આવ્યા	.	ત્યાં	તેને	1	1.00000000
આવ્યા	અને	કહ્યું	જાદુ	1	1.00000000
આવ્યા	અને	તેઓ	એટલી	1	1.00000000
આવ્યો	છે	.	ભાજપના	1	1.00000000
આશરા	ઉ	.	૭	1	1.00000000
આશિર્વાદ	યાત્રા	દરમિયાન	ઈન્દોરના	1	1.00000000
આશીર્વાદ	યાત્રા	દરમિયાન	...	1	1.00000000
આસપાસ	મન	અને	વિશ્વના	1	1.00000000
ઇચ્છતી	હતી	કે	સીરિઝમાં	1	1.00000000
ઇન્ડસ્ટ્રીઝના	નામે	રૂા	.	1	1.00000000
ઇન્સ્ટિટયૂટ	ડબ્લ્યૂઆરઆઇ	એ	જણાવ્યું	1	1.00000000
ઇન્સ્ટીટયૂટનું	લોકાર્પણ	કર્યું	હતું	1	1.00000000
ઇન્હેલેશન	ડીપીટી	કંડલા	પોર્ટ	1	1.00000000
ઈન્દોરના	એક	પોલીસ	સ્ટેશનમાં	1	1.00000000
ઉ	.	૭	પ	1	1.00000000
ઉખાણાઓ	એક	કપ	સાથે	1	1.00000000
ઉખાણાઓ	બાળકો	અને	પુખ્ત	1	1.00000000
ઉઘરાવેલ	રૂા	.	૧.	1	1.00000000
ઉઠાવવો	પડશે	,	નેતાઓ	1	1.00000000
ઉઠ્યો	,	વિપક્ષના	સરકાર	1	1.00000000
ઉતારવામાં	આવે	છે	,	1	1.00000000
ઉત્તર	આમ	,	મિલનભાઇ	1	1.00000000
ઉત્તર	ગુજરાતમાં	દારૃ	સપ્લાઈ	1	1.00000000
ઉત્તર	પ્રદેશમાં	લગભગ	359	1	1.00000000
ઉત્પન્ન	થવા	લાગે	છે	1	1.00000000
ઉદાહરણ	તરીકે	,	અઠવાડિયામાં	1	1.00000000
ઉદ્ઘાટન	પ્રસંગે	ગુજરાતના	રાજ્યપાલ	1	1.00000000
ઉપયોગ	કરાયો	હતો	.	1	1.00000000
ઉપયોગી	છે	,	ઉદાહરણ	1	1.00000000
ઉપયોગી	છે	.	તેઓ	1	1.00000000
ઉપરાંત	મુસાફરી	ભથ્થું	,	1	1.00000000
ઉમળકાભેર	રહેતા	હતા	અને	1	1.00000000
ઉષ્ણતા	બિંદુ	આઇટીપી	નું	1	1.00000000
ઊંચા	જોખમ	પર	હોઈ	1	1.00000000
એ	કાર્ય	કરશે	,	1	1.00000000
એ	જણાવ્યું	છે	.	1	1.00000000
એ	જોવું	રસપ્રદ	રહેશે	1	1.00000000
એ	બીજા	લોકોથી	ક્યારેય	1	1.00000000
એક	કપ	સાથે	વધુ	1	1.00000000
એક	નવી	કાર	વીમા	1	1.00000000
એક	પોલીસ	સ્ટેશનમાં	પ્રાણી	1	1.00000000
એક	વખત	.	તમારા	1	1.00000000
એક	વિકલ્પ	પસંદ	કરો	1	1.00000000
એક	વૃદ્ધ	મહિલાને	કે	1	1.00000000
એક	સંપત્તિ	પાછા	આવ્યા	1	1.00000000
એક	સ્વતંત્ર	યોજના	મુજબ	1	1.00000000
એક	સ્વવેના	મુદ્રામાં	તે	1	1.00000000
એકનું	મોત	આ	બધી	1	1.00000000
એક્સચેન્જો	સાથે	સ્વતંત્ર	,	1	1.00000000
એક્સ્ચેન્જર	પૂરી	પાડવામાં	આવે	1	1.00000000
એચ	જી	ભરવાડ	તેમજ	1	1.00000000
એટલી	સારી	રીતે	એક	1	1.00000000
એનર્જી	ક્ષેત્રમાં	આગામી	પાંચ	1	1.00000000
એન્જીનીયર	તે	હીરેશનભાઇ	,	1	1.00000000
એન્ડ	હાર્ટ	ઇન્સ્ટીટયૂટનું	લોકાર્પણ	1	1.00000000
એમ	અમેરિકાની	વૈશ્વિક	સંશોધન	1	1.00000000
એમણે	તમારો	અભિપ્રાય	લિધો	1	1.00000000
એલાન	પણ	અપાયુ	હતુ	1	1.00000000
એવી	લાગણી	ઉત્પન્ન	થવા	1	1.00000000
એસ	.	આઇ	એચ	1	1.00000000
એસ	.	પી	મહેન્દ્	1	1.00000000
એસ	પી	મનોહરસિહ	જાડેજાના	1	1.00000000
એસ્ટેટ	આપી	ન	હતી	1	1.00000000
ઓપી	કોહલી	અને	રાજ્યસભાના	1	1.00000000
ઓફ	લેબર	સ્ટેટિસ્ટિક્સ	અનુસાર	1	1.00000000
કંડલા	પોર્ટ	ટ્રસ્ટ	ની	1	1.00000000
કંપની	તેઓ	સંબંધિત	છે	1	1.00000000
કઈ	રીતે	પૂજન	કરવું	1	1.00000000
કન્ટેનર	પાછળ	ધુસી	જતા	1	1.00000000
કપ	સાથે	વધુ	મજા	1	1.00000000
કપરા	સમયમાં	તઘલખી	નિર્ણયો	1	1.00000000
કરતા	ખળભળાટ	મચ્યો	છે	1	1.00000000
કરતાં	સ્વવેન	માટે	ઊંચા	1	1.00000000
કરવા	માટે	,	પંપનું	1	1.00000000
કરવાની	માગણી	...	આપણાં	1	1.00000000
કરવાનું	છે	.	બદલામાં	1	1.00000000
કરવાનું	મહત્ત્વ	પણ	સમજાવેલું	1	1.00000000
કરવાનો	અનુભવ	નવો	અને	1	1.00000000
કરવામાં	આવશે	.	આ	1	0.50000000
કરવામાં	આવશે	.	હાઈકોર્ટના	1	0.50000000
કરવામાં	આવી	છે	.	1	1.00000000
કરવામાં	આવે	છે	.	1	1.00000000
કરવામાં	આવેલી	છે	.	1	1.00000000
કરવું	તેના	વિશે	પ્રકાશ	1	1.00000000
કરશે	,	તેમાં	એ	1	1.00000000
કરશે	.	સંમત	,	1	1.00000000
કરાયો	હતો	.	આરોપી	1	1.00000000
કરાવેલ	નથી	.	તેમણે	1	1.00000000
કરી	લેતાં	હાલ	સમગ્ર	1	1.00000000
કરી	શકે	.	આમ	1	1.00000000
કરી	શકે	છે	.	1	1.00000000
કરીએ	છે	અને	આ	1	1.00000000
કરીને	ગામડાના	ગરીબોને	ખેતીના	1	1.00000000
કરીને	ફરાર	થઇ	ગયો	1	1.00000000
કરે	.	સૌથી	વધુ	1	1.00000000
કરે	છે	,	વેરા	1	1.00000000
કરેલ	તથા	અનરજીસ્ટર્ડ	પર્સન	1	1.00000000
કરો	જે	અગવડતાને	કારણે	1	1.00000000
કરોડ	રૃપીયાની	તુવેરો	ખરીદી	1	1.00000000
કરોડના	બોગસ	બિલીંગના	વ્યવહારો	1	1.00000000
કરોડની	વેરાશાખ	તબદીલ	કરેલ	1	1.00000000
કરોડની	સરકારની	વેરાકીય	આવકને	1	1.00000000
કરોડો	રૂપિયાની	ગ્રાન્ટ	આપે	1	1.00000000
કરોડોનો	વેરો	સરકારમાં	જમા	1	1.00000000
કર્ક	મહિલા	વર્ગના	સપોર્ટથી	1	1.00000000
કર્મચારીઓને	ડીએની	ઉપરાંત	મુસાફરી	1	1.00000000
કર્યા	પછી	કલ્પેશ	સુભાષ	1	1.00000000
કર્યા	હતા	.	રિજેક્શનના	1	1.00000000
કર્યું	છે	.	તેમણે	1	1.00000000
કર્યું	તહું	.	ત્યારબાદ	1	1.00000000
કર્યું	હતું	.	અવાજ	1	0.25000000
કર્યું	હતું	.	આ	1	0.25000000
કર્યું	હતું	.	જ્યારે	1	0.25000000
કર્યું	હતું	.	પ્રણવ	1	0.25000000
કલાક	દીઠ	23.	97	1	1.00000000
કલ્પેશ	અગ્રવાલને	પકડવા	માટે	1	1.00000000
કલ્પેશ	સુભાષ	અગ્રવાલે	ખેડુતોને	1	1.00000000
કહી	ને	૭	થી	1	1.00000000
કહી	હોય	છે	.	1	1.00000000
કહ્યુ	હતું	કે	3	1	1.00000000
કહ્યું	કે	,	ત્રિપુરા	1	1.00000000
કહ્યું	જાદુ	અને	પર્સ	1	1.00000000
કાગદડી	નજીક	વેગનઆર	કારમાં	1	1.00000000
કાન	સરળતાથી	જોઈ	શકાય	1	1.00000000
કામ	એક	સ્વતંત્ર	યોજના	1	1.00000000
કામ	કરવાનો	અનુભવ	નવો	1	1.00000000
કામની	તટસ્થ	તપાસ	થાય	1	1.00000000
કામો	માટે	કરોડો	રૂપિયાની	1	1.00000000
કાયદાઓએ	તમામ	લાઇસન્સવાળા	ડ્રાઇવરોને	1	1.00000000
કાર	વીમા	પૉલિસી	લખશે	1	1.00000000
કાર	વીમા	પ્રદાતાઓ	તમને	1	1.00000000
કારણ	કે	પેટના	પ્રદેશમાં	1	1.00000000
કારણે	ખેડુતોમા	ભારે	રોષ	1	1.00000000
કારણે	તેમની	અંદર	આત્મવિશ્વાસનો	1	0.50000000
કારણે	તેમની	અંદર	એવી	1	0.50000000
કારણે	નહીં	કરે	.	1	1.00000000
કારમાં	આગ	ભરૂચથી	રાષ્ટ્રપતિ	1	1.00000000
કાર્ય	કરશે	,	તેમાં	1	1.00000000
કાર્યકરોએ	જન	આશીર્વાદ	યાત્રા	1	1.00000000
કિસ્સામાં	,	વ્યક્તિગત	ઉષ્ણતા	1	1.00000000
કીફિર	પર	અનલોડ	છે	1	1.00000000
કુલ	રૂા	.	૧૦.	1	1.00000000
કે	,	ત્રિપુરા	,	1	1.00000000
કે	3	ડી	ફિલ્મમાં	1	1.00000000
કે	આ	જાદુઈ	ભેટ	1	1.00000000
કે	આ	સજ્જન	શીખ્યા	1	1.00000000
કે	ટ્વિટર	પોતાના	આ	1	1.00000000
કે	તેઓ	ગમે	એ	1	1.00000000
કે	તેઓ	હરાવ્યું	અટકે	1	1.00000000
કે	નહીં	.	દેશના	1	1.00000000
કે	પેટના	પ્રદેશમાં	વજન	1	1.00000000
કે	યોગ્ય	શબ્દો	,	1	1.00000000
કે	સીરિઝમાં	સત્ય	દર્શાવવામાં	1	1.00000000
કેટલાક	જાતકો	માટે	વિવાહનો	1	1.00000000
કેદીઓને	ત્રણ	વર્ષ	સુધીની	1	1.00000000
કેદીઓને	બાળગૃહમાંથી	મુકત	કરવામાં	1	1.00000000
કેદીઓને	મુક્ત	કરવામાં	આવશે	1	1.00000000
કેન્દ્રીય	કર્મચારીઓને	ડીએની	ઉપરાંત	1	1.00000000
કેન્દ્રીય	મંત્રી	જ્યોતિરાદિત્ય	સિંધિયાની	1	1.00000000
કેવી	રીતે	રોકશે	,	1	1.00000000
કેસ	નોંધવામાં	આવ્યો	છે	1	1.00000000
કૉલેજમાં	છેડતીનો	મામલો	સંસદમાં	1	1.00000000
કોંગ્રેસ	અધ્યક્ષ	રાહુલ	ગાંધી	1	1.00000000
કોઈ	કંપની	તેઓ	સંબંધિત	1	1.00000000
કોઈ	નિવેદન	આપે	છે	1	1.00000000
કોઈ	વાતને	લઈને	ચિંતા	1	1.00000000
કોરોના	વાયરસના	ભયને	ધ્યાનમાં	1	1.00000000
કોર્ટે	આ	નિર્ણય	કોરોના	1	1.00000000
કોહલી	અને	રાજ્યસભાના	સાંસદ	1	1.00000000
ક્યારેક	આપનાં	પેરેન્ટ્સે	આપને	1	1.00000000
ક્યારેય	સારું	પ્રદર્શન	નહીં	1	1.00000000
ક્રૂરતાનો	કેસ	નોંધવામાં	આવ્યો	1	1.00000000
ક્ષેત્રના	લોકોનો	વિશ્વાસ	ફરીથી	1	1.00000000
ક્ષેત્રમાં	આગામી	પાંચ	વર્ષમાં	1	1.00000000
ક્ષેત્રે	રોજગારીની	તક	મળી	1	1.00000000
ખરીદવાનું	અને	દાન	કરવાનું	1	1.00000000
ખરીદી	કર્યા	પછી	કલ્પેશ	1	1.00000000
ખરીદી	મહિસાગર	,	હાલોલ	1	1.00000000
ખરીદીઓનાં	વેચાણો	પર	ઉઘરાવેલ	1	1.00000000
ખર્ચો	વધારે	થશે	.	1	1.00000000
ખળભળાટ	મચ્યો	છે	.	1	1.00000000
ખવડાવી	,	તેમણે	તે	1	1.00000000
ખાસ	કરીને	ગામડાના	ગરીબોને	1	1.00000000
ખાસ	યુઝર્સને	જતા	કેવી	1	1.00000000
ખુબજ	મુશ્કેલ	હોતુ	હતું	1	1.00000000
ખૂબ	જ	મેદસ્વી	લોકો	1	1.00000000
ખેંચે	છે	,	સગર્ભા	1	1.00000000
ખેડુતોને	રૃપીયા	ચુકવ્યા	વગર	1	1.00000000
ખેડુતોને	વધુ	સારો	ભાવ	1	1.00000000
ખેડુતોમા	ભારે	રોષ	ને	1	1.00000000
ખેડૂતો	ઉમળકાભેર	રહેતા	હતા	1	1.00000000
ખેડૂતો	પોતાની	સ્વતંત્રતા	લખી	1	1.00000000
ખેતીના	વિકલ્પરૂપે	આ	ક્ષેત્રે	1	1.00000000
ગઇ	છે	.	જોકે	1	1.00000000
ગઈ	છે	,	માત્ર	1	1.00000000
ગમે	એ	કાર્ય	કરશે	1	1.00000000
ગયું	અને	તેને	હરાવ્યું	1	1.00000000
ગયો	હતો	જેના	કારણે	1	1.00000000
ગરીબ	આદીવાસી	ખેડુતોને	વધુ	1	1.00000000
ગરીબોને	ખેતીના	વિકલ્પરૂપે	આ	1	1.00000000
ગાંધી	દ્વારા	પ્રથમ	પ્રતિક્રિયા	1	1.00000000
ગાંધીજીની	પ્રતિમાનું	પણ	અનાવરણ	1	1.00000000
ગાંધીજીની	પ્રતિમાને	પુષ્પ	અર્પણ	1	1.00000000
ગાંધીનગર	અને	અમદાવાદમાં	બૂટલેગર	1	1.00000000
ગાડી	કન્ટેનર	પાછળ	ધુસી	1	1.00000000
ગામડાના	ગરીબોને	ખેતીના	વિકલ્પરૂપે	1	1.00000000
ગામની	પરિણીતાએ	પણ	તેનાં	1	1.00000000
ગાર્ગી	કૉલેજમાં	છેડતીનો	મામલો	1	1.00000000
ગુ	કરે	છે	,	1	1.00000000
ગુજરાતના	રાજ્યપાલ	ઓપી	કોહલી	1	1.00000000
ગુજરાતમાં	દારૃ	સપ્લાઈ	થાય	1	1.00000000
ગુટર	ગુ	કરે	છે	1	1.00000000
ગુસ્સો	જોવા	મળ્યો	હતો	1	1.00000000
ગોધરા	,	આણંદ	,	1	1.00000000
ગ્રાન્ટ	આપે	છે	તો	1	1.00000000
ગ્રેચ્યુઇટીમાં	પણ	વધારો	થવાનો	1	1.00000000
ગ્રો	અને	લોકો	સ્મિત	1	1.00000000
ઘટાડવા	માટે	પ્રકાશનનો	દિવસ	1	1.00000000
ઘણા	કરતાં	સ્વવેન	માટે	1	1.00000000
ઘણીબધી	ચર્ચા	કરવામાં	આવેલી	1	1.00000000
ઘર	એક	સંપત્તિ	પાછા	1	1.00000000
ચકચાર	મચી	ગઇ	છે	1	1.00000000
ચર્ચા	કરવામાં	આવેલી	છે	1	1.00000000
ચા	અને	રમુજી	ઉખાણાઓ	1	1.00000000
ચાર્મી	ઇન્ડસ્ટ્રીઝના	નામે	રૂા	1	1.00000000
ચિંતા	થઈ	શકે	છે	1	1.00000000
ચુકવ્યા	વગર	પોતાની	દુકાન	1	1.00000000
ચેતનભાઇ	ના	પિતાશ્રીનું	તા	1	1.00000000
ચોરી	વસ્તુઓ	પરત	ફર્યા	1	1.00000000
છીએ	.	આ	આંકડો	1	1.00000000
છે	,	Deep@Gmi.com	,	1	1.00000000
છે	,	ઉદાહરણ	તરીકે	1	1.00000000
છે	,	જે	100	1	1.00000000
છે	,	જ્યાંથી	અમદાવાદ	1	1.00000000
છે	,	તેઓ	તેને	1	1.00000000
છે	,	માત્ર	સુપર	1	1.00000000
છે	,	વેરા	વધારવા	1	1.00000000
છે	,	સગર્ભા	સ્ત્રીઓ	1	1.00000000
છે	,	સાંજે	ચા	1	1.00000000
છે	.	અહીંયાં	આપણે	1	1.00000000
છે	.	આ	કિસ્સામાં	1	0.50000000
છે	.	આ	ઠેકાઓ	1	0.50000000
છે	.	આબુથી	આવતો	1	1.00000000
છે	.	કર્ક	મહિલા	1	1.00000000
છે	.	કાગદડી	નજીક	1	1.00000000
છે	.	કાર	વીમા	1	1.00000000
છે	.	કારણ	કે	1	1.00000000
છે	.	કેન્દ્રીય	કર્મચારીઓને	1	0.50000000
છે	.	કેન્દ્રીય	મંત્રી	1	0.50000000
છે	.	કોર્ટે	આ	1	1.00000000
છે	.	ખાસ	કરીને	1	1.00000000
છે	.	ખુબજ	મુશ્કેલ	1	1.00000000
છે	.	ગાર્ગી	કૉલેજમાં	1	1.00000000
છે	.	જોકે	,	1	1.00000000
છે	.	તેઓ	મેમરી	1	1.00000000
છે	.	તેમણે	કહ્યું	1	0.50000000
છે	.	તેમણે	તેમને	1	0.50000000
છે	.	દબાણના	ડ્રોપની	1	1.00000000
છે	.	ધન	ખરીદવાનું	1	1.00000000
છે	.	પણ	હું	1	1.00000000
છે	.	બદલામાં	,	1	1.00000000
છે	.	ભાજપના	કાર્યકરોએ	1	1.00000000
છે	.	મોરબીના	નાગડાવાસ	1	1.00000000
છે	.	યાત્રા	માટે	1	1.00000000
છે	.	યુનાઇટેડ	સ્ટેટ્સ	1	1.00000000
છે	.	રાજપીપળા	પાલિકાના	1	1.00000000
છે	.	રાજસ્થાનના	બિચ્છુવાડાથી	1	1.00000000
છે	.	રાજ્યના	બાળગૃહોમાં	1	1.00000000
છે	.	વલણ	ધરાવતા	1	1.00000000
છે	.	વા	લેનારા	1	1.00000000
છે	.	સદ્ગતનું	ટેલીફોનીક	1	1.00000000
છે	.	સરકાર	વિકાસના	1	1.00000000
છે	.	હીટિંગ	સિસ્ટમ	1	1.00000000
છે	.	હોટ	વોટર	1	1.00000000
છે	?	.	આવા	1	1.00000000
છે	અને	આ	ક્ષેત્રના	1	1.00000000
છે	કે	તેઓ	ગમે	1	1.00000000
છે	કે	નહીં	.	1	1.00000000
છે	ઘણા	કરતાં	સ્વવેન	1	1.00000000
છે	તો	પછી	ટેક્સ	1	1.00000000
છે	વેરાવળ	હરસુખલાલ	નાથાલાલ	1	1.00000000
છેડતીનો	મામલો	સંસદમાં	ઉઠ્યો	1	1.00000000
છેલ્લા	10	વર્ષના	યોજનાકીય	1	1.00000000
છો	જે	ક્યારેક	આપનાં	1	1.00000000
છોડવાના	સંકેત	સામે	ટ્વિટર	1	1.00000000
જ	અવાઝ	ઉઠાવવો	પડશે	1	1.00000000
જ	મેદસ્વી	લોકો	પેટની	1	1.00000000
જ	વર્ષે	અમેરિકામાં	32,000	1	1.00000000
જઈ	બંને	પ્રેમી	પંખીડાએ	1	1.00000000
જણાવો	.	નમૂનારૂપ	ઉત્તર	1	1.00000000
જણાવ્યું	કે	આ	જાદુઈ	1	1.00000000
જણાવ્યું	છે	.	ગાર્ગી	1	1.00000000
જણાવ્યું	હતું	કે	યોગ્ય	1	1.00000000
જણાશે	.	ધારાસભ્ય	પી	1	1.00000000
જતા	એકનું	મોત	આ	1	1.00000000
જતા	કેવી	રીતે	રોકશે	1	1.00000000
જથ્થો	ખરીદી	મહિસાગર	,	1	1.00000000
જથ્થો	ઠલવાય	છે	.	1	1.00000000
જથ્થો	સાંચોર	તેમજ	પાલનપુર	1	1.00000000
જન	આશિર્વાદ	યાત્રા	દરમિયાન	1	1.00000000
જન	આશીર્વાદ	યાત્રા	દરમિયાન	1	1.00000000
જનતાએ	જ	અવાઝ	ઉઠાવવો	1	1.00000000
જનાદેશનો	સ્વાગત	કરીએ	છે	1	1.00000000
જમા	કરાવેલ	નથી	.	1	1.00000000
જમીન	મુક્ત	કરવાની	માગણી	1	1.00000000
જરૂર	છે	.	કાર	1	1.00000000
જરૂર	શુ	પડી	.	1	1.00000000
જવાની	જરૂર	છે	.	1	1.00000000
જાડેજાના	માર્ગદર્શન	હેઠળ	પોલીસની	1	1.00000000
જાતકો	માટે	વિવાહનો	શુભ	1	1.00000000
જાદુ	અને	પર્સ	પરત	1	1.00000000
જાદુઈ	ભેટ	આપી	.	1	1.00000000
જિલ્લામાં	ઠાલવે	છે	.	1	1.00000000
જી	ભરવાડ	તેમજ	તેમની	1	1.00000000
જીઇબી	એન્જીનીયર	તે	હીરેશનભાઇ	1	1.00000000
જીતીવા	માટે	પ્રતિબદ્ધ	છીએ	1	1.00000000
જીલ્લા	એલ	.	સી	1	1.00000000
જીલ્લા	પોલીસે	સ્થાનીક	દેડીયાપાડા	1	1.00000000
જીલ્લાના	ડેડીયાપાડા	સાગબારા	વિસ્તારના	1	1.00000000
જૂથ	સ્થાપિત	થયેલ	છે	1	1.00000000
જૂન	મહિનામાં	શરૂ	થશે	1	1.00000000
જૂના	માણસ	ખવડાવી	,	1	1.00000000
જૂના	માણસ	તેના	સુધી	1	1.00000000
જૂના	માણસ	તેની	સાથે	1	1.00000000
જૂના	માણસ	સાથે	પાસે	1	1.00000000
જે	100	લોડ	માટે	1	1.00000000
જે	અગવડતાને	કારણે	નહીં	1	1.00000000
જે	ક્યારેક	આપનાં	પેરેન્ટ્સે	1	1.00000000
જે	શક્યત	જૂન	મહિનામાં	1	1.00000000
જેટલી	અલગ	અલગ	ટીમો	1	1.00000000
જેના	કારણે	ખેડુતોમા	ભારે	1	1.00000000
જેને	પગલે	આખરે	આ	1	1.00000000
જેને	વ્યાપક	સર્મથન	મળ્યુ	1	1.00000000
જેમના	કાન	સરળતાથી	જોઈ	1	1.00000000
જોઈ	રહ્યું	,	તેને	1	1.00000000
જોઈ	શકાય	છે	,	1	1.00000000
જોઈએ	.	પુરાવા	આપવા	1	1.00000000
જોકે	,	એ	જોવું	1	1.00000000
જોખમ	પર	હોઈ	શકે	1	1.00000000
જોવા	મળે	છે	વેરાવળ	1	1.00000000
જોવા	મળ્યો	હતો	ને	1	1.00000000
જોવા	માટે	પ્રસન્ન	હતો	1	1.00000000
જોવામાં	વ્યસ્ત	છે	.	1	1.00000000
જોવું	રસપ્રદ	રહેશે	કે	1	1.00000000
જ્યાં	તેમણે	સરદાર	પટેલ	1	1.00000000
જ્યાંથી	અમદાવાદ	તેમજ	ઉત્તર	1	1.00000000
જ્યારે	આપ	તે	વાતો	1	1.00000000
જ્યારે	મોરારીબાપુએ	ગાંધીજીની	પ્રતિમાને	1	1.00000000
જ્યોતિરાદિત્ય	સિંધિયાની	જન	આશિર્વાદ	1	1.00000000
ઝડપથી	વૃદ્ધિ	પામી	રહેલા	1	1.00000000
ઝડપી	પાડયો	હતો	.	1	1.00000000
ઝડપી	પાડવા	માટે	નર્મદા	1	0.50000000
ઝડપી	પાડવા	માટે	પોેલીસ	1	0.50000000
ઝાલોદના	બૂટલેગરો	વિદેશી	દારૃનો	1	1.00000000
ટાઇગર	સેના	દ્વારા	બંધનુ	1	1.00000000
ટાળી	દેવી	યોગ્ય	રહેશે	1	1.00000000
ટીમો	બનાવી	હતી	ને	1	1.00000000
ટીમોએ	તપાસ	આદરી	હતી	1	1.00000000
ટેક્સ	વધારવાની	જરૂર	શુ	1	1.00000000
ટેલીફોનીક	બેસણુ	તા	.	1	1.00000000
ટ્રસ્ટ	ની	જમીન	મુક્ત	1	1.00000000
ટ્વિટર	કોઈ	નિવેદન	આપે	1	1.00000000
ટ્વિટર	છોડવાના	સંકેત	સામે	1	1.00000000
ટ્વિટર	પોતાના	આ	ખાસ	1	1.00000000
ઠંડીથી	ઇન્હેલેશન	ડીપીટી	કંડલા	1	1.00000000
ઠલવાય	છે	.	કેન્દ્રીય	1	1.00000000
ઠાલવે	છે	.	આબુથી	1	1.00000000
ઠેકાઓ	પરથી	લીમડી	તેમજ	1	1.00000000
ડબ્લ્યૂઆરઆઇ	એ	જણાવ્યું	છે	1	1.00000000
ડી	.	એસ	.	1	1.00000000
ડી	.	વસાવા	તમારા	1	1.00000000
ડી	ફિલ્મમાં	કામ	કરવાનો	1	1.00000000
ડી	વાય	એસ	પી	1	1.00000000
ડીએની	ઉપરાંત	મુસાફરી	ભથ્થું	1	1.00000000
ડીપીટી	કંડલા	પોર્ટ	ટ્રસ્ટ	1	1.00000000
ડેડીયાપાડા	સાગબારા	વિસ્તારના	ગરીબ	1	1.00000000
ડોલર	હતો	.	તે	1	1.00000000
ડોલરની	વચ્ચેનો	પગાર	.	1	1.00000000
ડ્રાઇવરોને	તેની	રાજ્ય	લઘુતમ	1	1.00000000
ડ્રોપની	ભરપાઈ	કરવા	માટે	1	1.00000000
ઢાંઢણી	ગામની	પરિણીતાએ	પણ	1	1.00000000
તક	મળી	રહેશે	,	1	1.00000000
તકતીનું	અનાવરણ	કર્યું	તહું	1	1.00000000
તકો	સર્જાવાની	શક્યતા	છે	1	1.00000000
તઘલખી	નિર્ણયો	સામે	જનતાએ	1	1.00000000
તટસ્થ	તપાસ	થાય	તો	1	1.00000000
તથા	અનરજીસ્ટર્ડ	પર્સન	પાસેથી	1	1.00000000
તપાસ	આદરી	હતી	.	1	1.00000000
તપાસ	થાય	તો	સાચી	1	1.00000000
તપાસકર્તાઓ	માટેનો	સરેરાશ	પગાર	1	1.00000000
તબક્કા	છે	.	દબાણના	1	1.00000000
તબદીલ	કરેલ	તથા	અનરજીસ્ટર્ડ	1	1.00000000
તમને	એક	નવી	કાર	1	1.00000000
તમામ	ખેડૂતો	પોતાની	સ્વતંત્રતા	1	1.00000000
તમામ	લાઇસન્સવાળા	ડ્રાઇવરોને	તેની	1	1.00000000
તમારા	પક્ષના	પાલિકા	સભ્યોએ	1	1.00000000
તમારા	માટે	એક	વિકલ્પ	1	1.00000000
તમારો	અભિપ્રાય	લિધો	છે	1	1.00000000
તમાશો	જોવામાં	વ્યસ્ત	છે	1	1.00000000
તરફ	આ	આરોપી	ને	1	1.00000000
તરીકે	,	અઠવાડિયામાં	એક	1	1.00000000
તરુણો	એક	સ્વવેના	મુદ્રામાં	1	1.00000000
તહું	.	ત્યારબાદ	હોસ્પિટલનું	1	1.00000000
તા	.	રપ	ના	1	1.00000000
તા	.	રર	૩	1	1.00000000
તાલીમ	!	કોઈ	કંપની	1	1.00000000
તુવેરો	ખરીદી	કર્યા	પછી	1	1.00000000
તે	જ	વર્ષે	અમેરિકામાં	1	1.00000000
તે	પહેલાં	પહેલાંના	વીમાનો	1	1.00000000
તે	વલણ	વ્યક્ત	કરી	1	1.00000000
તે	વાતો	ફરી	વખત	1	1.00000000
તે	સારું	બદલો	લેવા	1	1.00000000
તે	હીરેશનભાઇ	,	ચેતનભાઇ	1	1.00000000
તેઓ	એટલી	સારી	રીતે	1	1.00000000
તેઓ	ગમે	એ	કાર્ય	1	1.00000000
તેઓ	તમામ	ખેડૂતો	પોતાની	1	1.00000000
તેઓ	તેને	સારવાર	.	1	1.00000000
તેઓ	મેમરી	,	સમજશક્તિ	1	1.00000000
તેઓ	સંબંધિત	છે	,	1	1.00000000
તેઓ	હરાવ્યું	અટકે	કરશે	1	1.00000000
તેના	બેગ	લીધો	,	1	1.00000000
તેના	વિશે	પ્રકાશ	પાડીશું	1	1.00000000
તેના	સુધી	આવ્યા	અને	1	1.00000000
તેનાં	પ્રેમી	સાથે	ભાગી	1	1.00000000
તેની	પત્ની	સાથે	હરાવ્યું	1	1.00000000
તેની	રાજ્ય	લઘુતમ	મર્યાદા	1	1.00000000
તેની	સાથે	ઘર	એક	1	1.00000000
તેને	જોવા	માટે	પ્રસન્ન	1	1.00000000
તેને	માટે	રાહ	જોઈ	1	1.00000000
તેને	સારવાર	.	સજ્જન	1	1.00000000
તેને	હરાવ્યું	સુધી	તેઓ	1	1.00000000
તેમ	કહી	ને	૭	1	1.00000000
તેમજ	ઉત્તર	ગુજરાતમાં	દારૃ	1	1.00000000
તેમજ	જીલ્લા	એલ	.	1	1.00000000
તેમજ	ઝાલોદના	બૂટલેગરો	વિદેશી	1	1.00000000
તેમજ	તેમની	ટીમોએ	તપાસ	1	1.00000000
તેમજ	ત્રણ	દિવસ	પહેલા	1	1.00000000
તેમજ	પાલનપુર	થઈ	મહેસાણામાં	1	1.00000000
તેમણે	કહ્યું	કે	,	1	1.00000000
તેમણે	કુલ	રૂા	.	1	1.00000000
તેમણે	તે	સારું	બદલો	1	1.00000000
તેમણે	તેમને	મુલાકાત	છે	1	1.00000000
તેમણે	વચન	આપ્યું	હતું	1	1.00000000
તેમણે	સરદાર	પટેલ	હોસ્પિટલ	1	1.00000000
તેમના	વજન	લઇ	શકે	1	1.00000000
તેમની	અંદર	આત્મવિશ્વાસનો	અભાવ	1	1.00000000
તેમની	અંદર	એવી	લાગણી	1	1.00000000
તેમની	ટીમોએ	તપાસ	આદરી	1	1.00000000
તેમને	જણાવ્યું	કે	આ	1	1.00000000
તેમને	મુલાકાત	છે	,	1	1.00000000
તેમાં	એ	બીજા	લોકોથી	1	1.00000000
તેવાં	પ્રાણીઓનાં	નામ	જણાવો	1	1.00000000
તો	તમાશો	જોવામાં	વ્યસ્ત	1	1.00000000
તો	પછી	ટેક્સ	વધારવાની	1	1.00000000
તો	સાચી	હકીકત	જણાશે	1	1.00000000
ત્યાં	ઉતારવામાં	આવે	છે	1	1.00000000
ત્યાં	તેને	માટે	રાહ	1	1.00000000
ત્યારબાદ	હોસ્પિટલનું	અવલોકન	કર્યું	1	1.00000000
ત્યારે	બીજી	તરફ	આ	1	1.00000000
ત્રણ	દિવસ	પહેલા	ઢાંઢણી	1	1.00000000
ત્રણ	રાજ્યોમાં	મળેલ	હાર	1	1.00000000
ત્રણ	વર્ષ	સુધીની	સજા	1	1.00000000
ત્રિપુરા	,	નાગાલેન્ડ	અને	1	1.00000000
થઇ	ગયો	હતો	જેના	1	1.00000000
થઈ	ગઈ	છે	,	1	1.00000000
થઈ	મહેસાણામાં	રીટા	અને	1	1.00000000
થઈ	શકે	છે	.	1	1.00000000
થઈ	હિંમતનગર	,	ગાંધીનગર	1	1.00000000
થયેલ	છે	.	રાજપીપળા	1	1.00000000
થવા	લાગે	છે	કે	1	1.00000000
થવાનો	છે	.	વા	1	1.00000000
થશે	.	અઠવાડિયાના	અંતે	1	1.00000000
થશે	.	વીણાએ	કહ્યુ	1	1.00000000
થાય	છે	.	રાજસ્થાનના	1	1.00000000
થાય	તો	સાચી	હકીકત	1	1.00000000
થી	83,000	ડોલરની	વચ્ચેનો	1	1.00000000
થી	ફેલો	સ્થાને	પહોંચી	1	1.00000000
થી	૬	રાખેલ	છે	1	1.00000000
થી	૮	કરોડ	રૃપીયાની	1	1.00000000
દબાણના	ડ્રોપની	ભરપાઈ	કરવા	1	1.00000000
દરમિયાન	...	ઉત્તર	પ્રદેશમાં	1	1.00000000
દરમિયાન	ઈન્દોરના	એક	પોલીસ	1	1.00000000
દરોમાં	પરિણમી	શકે	છે	1	1.00000000
દર્દીઓમાં	આ	સિન્ડ્રોમ	જોવા	1	1.00000000
દર્શાવવામાં	આવે	.	48.	1	1.00000000
દર્શાવી	અન્ય	વેપારીઓને	રૂા	1	1.00000000
દર્શાવેલ	ખરીદીઓનાં	વેચાણો	પર	1	1.00000000
દાન	કરવાનું	મહત્ત્વ	પણ	1	1.00000000
દારૃ	સપ્લાઈ	થાય	છે	1	1.00000000
દારૃનો	જથ્થો	ઠલવાય	છે	1	1.00000000
દારૃનો	જથ્થો	સાંચોર	તેમજ	1	1.00000000
દારૃનો	મોટાપાયે	જથ્થો	ખરીદી	1	1.00000000
દિલીપ	અને	રબારી	દ્વારા	1	1.00000000
દિવસ	પહેલા	ઢાંઢણી	ગામની	1	1.00000000
દિવસ	વિતાવવો	ઉપયોગી	છે	1	1.00000000
દીઠ	23.	97	ડોલર	1	1.00000000
દુકાન	બંધ	કરીને	ફરાર	1	1.00000000
દેખાવા	લાગે	છે	.	1	1.00000000
દેડીયાપાડા	પોલીસ	તેમજ	જીલ્લા	1	1.00000000
દેવી	યોગ્ય	રહેશે	.	1	1.00000000
દેશના	ઝડપથી	વૃદ્ધિ	પામી	1	1.00000000
દ્રશ્ય	તપાસકર્તાઓ	માટેનો	સરેરાશ	1	1.00000000
દ્રષ્ટિ	વ્યાપક	તાલીમ	!	1	1.00000000
દ્વારા	પ્રથમ	પ્રતિક્રિયા	આપવામાં	1	1.00000000
દ્વારા	બંધનુ	એલાન	પણ	1	1.00000000
દ્વારા	બાતમીદારોનો	પણ	ઉપયોગ	1	1.00000000
દ્વારા	મોટાપાયે	દારૃનો	જથ્થો	1	1.00000000
ધન	ખરીદવાનું	અને	દાન	1	1.00000000
ધનતેરસ	વિશે	ઘણીબધી	ચર્ચા	1	1.00000000
ધરાવતા	તરુણો	એક	સ્વવેના	1	1.00000000
ધારાસભ્ય	પી	.	ડી	1	1.00000000
ધુસી	જતા	એકનું	મોત	1	1.00000000
ધ્યાનમાં	રાખીને	લીધો	છે	1	1.00000000
ન	હતી	.	પછી	1	1.00000000
ન	હતી	અને	એસ્ટેટ	1	1.00000000
નજીક	ગાડી	કન્ટેનર	પાછળ	1	1.00000000
નજીક	વેગનઆર	કારમાં	આગ	1	1.00000000
નડિયાદ	અને	વડોદરા	શહેર	1	1.00000000
નથી	.	તેમણે	કુલ	1	1.00000000
નમૂનારૂપ	ઉત્તર	આમ	,	1	1.00000000
નર્મદા	જીલ્લા	પોલીસે	સ્થાનીક	1	1.00000000
નર્મદા	જીલ્લાના	ડેડીયાપાડા	સાગબારા	1	1.00000000
નર્મદા	ડી	.	એસ	1	1.00000000
નવી	કાર	વીમા	પૉલિસી	1	1.00000000
નવી	તકો	સર્જાવાની	શક્યતા	1	1.00000000
નવો	અને	સારો	હતો	1	1.00000000
નહીં	.	દેશના	ઝડપથી	1	1.00000000
નહીં	કરી	શકે	.	1	1.00000000
નહીં	કરે	.	સૌથી	1	1.00000000
ના	પિતાશ્રીનું	તા	.	1	1.00000000
ના	પી	.	એસ	1	1.00000000
ના	રોજ	અવસાન	પામેલ	1	1.00000000
ના	રોજ	સાંજે	૪	1	1.00000000
ના	હોવાથી	ટાળી	દેવી	1	1.00000000
નાગડાવાસ	નજીક	ગાડી	કન્ટેનર	1	1.00000000
નાગાલેન્ડ	અને	મેઘાલયમાં	લોકોના	1	1.00000000
નાથાલાલ	આશરા	ઉ	.	1	1.00000000
નામ	જણાવો	.	નમૂનારૂપ	1	1.00000000
નામે	રૂા	.	૧૫.	1	1.00000000
નિર્ણય	કોરોના	વાયરસના	ભયને	1	1.00000000
નિર્ણયો	સામે	જનતાએ	જ	1	1.00000000
નિર્દેશોના	પગલે	આ	કેદીઓને	1	1.00000000
નિવૃત	જીઇબી	એન્જીનીયર	તે	1	1.00000000
નિવેદન	આપે	છે	કે	1	1.00000000
નિષ્ફળતા	ભારે	વીમા	દરોમાં	1	1.00000000
ની	જમીન	મુક્ત	કરવાની	1	1.00000000
નું	કામ	એક	સ્વતંત્ર	1	1.00000000
નુકશાન	પહોંચાડેલ	છે	.	1	1.00000000
ને	આ	આરોપી	ને	1	1.00000000
ને	આ	મુદ્દે	ભીલીસ્તાન	1	1.00000000
ને	ગુસ્સો	જોવા	મળ્યો	1	1.00000000
ને	૭	થી	૮	1	1.00000000
નેતાઓ	તો	તમાશો	જોવામાં	1	1.00000000
નેતાઓને	કરતા	ખળભળાટ	મચ્યો	1	1.00000000
નો	ફોલ્ટ	વીમા	કાયદાઓએ	1	1.00000000
નોંધવામાં	આવ્યો	છે	.	1	1.00000000
પ	નિવૃત	જીઇબી	એન્જીનીયર	1	1.00000000
પંખીડાએ	આપઘાત	કરી	લેતાં	1	1.00000000
પંપનું	જૂથ	સ્થાપિત	થયેલ	1	1.00000000
પકડવા	માટે	નર્મદા	જીલ્લા	1	1.00000000
પક્ષના	પાલિકા	સભ્યોએ	ભાજપ	1	1.00000000
પગલે	આ	કેદીઓને	બાળગૃહમાંથી	1	1.00000000
પગલે	આખરે	આ	આરોપીને	1	1.00000000
પગાર	.	તેમજ	ત્રણ	1	1.00000000
પગાર	55,040	હતો	,	1	1.00000000
પછી	કલ્પેશ	સુભાષ	અગ્રવાલે	1	1.00000000
પછી	ખેડૂતો	ઉમળકાભેર	રહેતા	1	1.00000000
પછી	ટેક્સ	વધારવાની	જરૂર	1	1.00000000
પછી	સ્ક્રિપ	થી	ફેલો	1	1.00000000
પટેલ	હાજર	રહ્યા	હતા	1	1.00000000
પટેલ	હોસ્પિટલ	એન્ડ	હાર્ટ	1	1.00000000
પડશે	,	નેતાઓ	તો	1	1.00000000
પડી	.	સહીત	અનેક	1	1.00000000
પણ	અનાવરણ	કર્યું	હતું	1	1.00000000
પણ	અપાયુ	હતુ	.	1	1.00000000
પણ	ઉપયોગ	કરાયો	હતો	1	1.00000000
પણ	તેનાં	પ્રેમી	સાથે	1	1.00000000
પણ	વધારો	થવાનો	છે	1	1.00000000
પણ	સમજાવેલું	છે	.	1	1.00000000
પણ	હું	ઇચ્છતી	હતી	1	1.00000000
પત્ની	સાથે	હરાવ્યું	શરૂ	1	1.00000000
પત્રિકાના	માધ્યમથી	સત્તાધીશો	અને	1	1.00000000
પર	અનલોડ	છે	.	1	1.00000000
પર	આરોપ	આ	સારા	1	1.00000000
પર	ઉઘરાવેલ	રૂા	.	1	1.00000000
પર	કોંગ્રેસ	અધ્યક્ષ	રાહુલ	1	1.00000000
પર	હોઈ	શકે	છે	1	1.00000000
પરત	કરવાનું	છે	.	1	1.00000000
પરત	ફર્યા	હતા	.	1	1.00000000
પરથી	લીમડી	તેમજ	ઝાલોદના	1	1.00000000
પરિણમી	શકે	છે	.	1	1.00000000
પરિણીતાએ	પણ	તેનાં	પ્રેમી	1	1.00000000
પર્સ	પરત	કરવાનું	છે	1	1.00000000
પર્સન	પાસેથી	દર્શાવેલ	ખરીદીઓનાં	1	1.00000000
પસંદ	કરો	જે	અગવડતાને	1	1.00000000
પહેલા	ઢાંઢણી	ગામની	પરિણીતાએ	1	1.00000000
પહેલાં	પહેલાંના	વીમાનો	પુરાવો	1	1.00000000
પહેલાંના	વીમાનો	પુરાવો	જોઈએ	1	1.00000000
પહોંચાડેલ	છે	.	યુનાઇટેડ	1	1.00000000
પહોંચી	ગયું	અને	તેને	1	1.00000000
પહોંચ્યાં	હતાં	જ્યાં	તેમણે	1	1.00000000
પાંચ	વર્ષમાં	૨૦૨૨	સુધીમાં	1	1.00000000
પાછળ	ધુસી	જતા	એકનું	1	1.00000000
પાછા	આવ્યા	અને	તેઓ	1	1.00000000
પાડયો	હતો	.	મિશિગનના	1	1.00000000
પાડવા	માટે	નર્મદા	ડી	1	1.00000000
પાડવા	માટે	પોેલીસ	દ્વારા	1	1.00000000
પાડવામાં	અને	જૂના	માણસ	1	1.00000000
પાડવામાં	આવે	છે	,	1	1.00000000
પામી	રહેલા	રિન્યૂએબલ	એનર્જી	1	1.00000000
પામેલ	છે	.	સદ્ગતનું	1	1.00000000
પાલનપુર	થઈ	મહેસાણામાં	રીટા	1	1.00000000
પાલિકા	સભ્યોએ	ભાજપ	સાથે	1	1.00000000
પાલિકાના	છેલ્લા	10	વર્ષના	1	1.00000000
પાસે	આવ્યા	.	ત્યાં	1	1.00000000
પાસેથી	દર્શાવેલ	ખરીદીઓનાં	વેચાણો	1	1.00000000
પિતાશ્રીનું	તા	.	રર	1	1.00000000
પી	.	એસ	.	1	1.00000000
પી	.	ડી	.	1	1.00000000
પી	મનોહરસિહ	જાડેજાના	માર્ગદર્શન	1	1.00000000
પી	મહેન્દ્	બગાડીયાની	સુચના	1	1.00000000
પુખ્ત	વયના	લોકો	માટે	1	1.00000000
પુરાવા	આપવા	માટે	નિષ્ફળતા	1	1.00000000
પુરાવો	જોઈએ	.	પુરાવા	1	1.00000000
પુરું	પાડવામાં	અને	જૂના	1	1.00000000
પુષ્પ	અર્પણ	કર્યા	હતા	1	1.00000000
પૂજન	કરવું	તેના	વિશે	1	1.00000000
પૂરી	થઈ	ગઈ	છે	1	1.00000000
પૂરી	પાડવામાં	આવે	છે	1	1.00000000
પેટના	પ્રદેશમાં	વજન	આગળ	1	1.00000000
પેટની	વિસ્તારમાં	તેમના	વજન	1	1.00000000
પેરેન્ટ્સે	આપને	કહી	હોય	1	1.00000000
પૉલિસી	લખશે	તે	પહેલાં	1	1.00000000
પોતાના	આ	ખાસ	યુઝર્સને	1	1.00000000
પોતાની	દુકાન	બંધ	કરીને	1	1.00000000
પોતાની	સ્વતંત્રતા	લખી	ન	1	1.00000000
પોર્ટ	ટ્રસ્ટ	ની	જમીન	1	1.00000000
પોલીસ	તેમજ	જીલ્લા	એલ	1	1.00000000
પોલીસ	સ્ટેશનમાં	પ્રાણી	ક્રૂરતાનો	1	1.00000000
પોલીસની	૩	જેટલી	અલગ	1	1.00000000
પોલીસે	સ્થાનીક	દેડીયાપાડા	પોલીસ	1	1.00000000
પોેલીસ	દ્વારા	બાતમીદારોનો	પણ	1	1.00000000
પ્રકાર	હીટ	એક્સચેન્જો	સાથે	1	1.00000000
પ્રકાશનનો	દિવસ	વિતાવવો	ઉપયોગી	1	1.00000000
પ્રણવ	મુખરજીએ	હોસ્પિટલની	તકતીનું	1	1.00000000
પ્રતિક્રિયા	આપવામાં	આવી	છે	1	1.00000000
પ્રતિબદ્ધ	છીએ	.	આ	1	1.00000000
પ્રતિમાનું	પણ	અનાવરણ	કર્યું	1	1.00000000
પ્રતિમાને	પુષ્પ	અર્પણ	કર્યા	1	1.00000000
પ્રથમ	પ્રતિક્રિયા	આપવામાં	આવી	1	1.00000000
પ્રદર્શન	નહીં	કરી	શકે	1	1.00000000
પ્રદાતાઓ	તમને	એક	નવી	1	1.00000000
પ્રદેશમાં	લગભગ	359	.	1	1.00000000
પ્રદેશમાં	વજન	આગળ	યોનિમાર્ગ	1	1.00000000
પ્રસંગે	ગુજરાતના	રાજ્યપાલ	ઓપી	1	1.00000000
પ્રસન્ન	હતો	.	પુરું	1	1.00000000
પ્રાણી	ક્રૂરતાનો	કેસ	નોંધવામાં	1	1.00000000
પ્રાણીઓનાં	નામ	જણાવો	.	1	1.00000000
પ્રેમી	પંખીડાએ	આપઘાત	કરી	1	1.00000000
પ્રેમી	સાથે	ભાગી	જઈ	1	1.00000000
પ્રોવિડન્ટ	ફંડ	અને	ગ્રેચ્યુઇટીમાં	1	1.00000000
પ્લેટ	પ્રકાર	હીટ	એક્સચેન્જો	1	1.00000000
પ્લેટ	હીટ	એક્સ્ચેન્જર	પૂરી	1	1.00000000
ફંડ	અને	ગ્રેચ્યુઇટીમાં	પણ	1	1.00000000
ફરાર	થઇ	ગયો	હતો	1	1.00000000
ફરી	વખત	સાંભળો	છો	1	1.00000000
ફરીથી	જીતીવા	માટે	પ્રતિબદ્ધ	1	1.00000000
ફર્યા	હતા	.	જૂના	1	1.00000000
ફિલ્મમાં	કામ	કરવાનો	અનુભવ	1	1.00000000
ફિલ્મો	લગભગ	પૂરી	થઈ	1	1.00000000
ફેલો	સ્થાને	પહોંચી	ગયું	1	1.00000000
ફોલ્ટ	વીમા	કાયદાઓએ	તમામ	1	1.00000000
બંધ	કરીને	ફરાર	થઇ	1	1.00000000
બંધ	છે	.	કોર્ટે	1	1.00000000
બંધનુ	એલાન	પણ	અપાયુ	1	1.00000000
બંને	પ્રેમી	પંખીડાએ	આપઘાત	1	1.00000000
બગાડીયાની	સુચના	અને	ડી	1	1.00000000
બચ્ચના	ટ્વિટર	છોડવાના	સંકેત	1	1.00000000
બદલામાં	,	તેમણે	વચન	1	1.00000000
બદલો	લેવા	માગતા	હતા	1	1.00000000
બધી	ફિલ્મો	લગભગ	પૂરી	1	1.00000000
બનાવી	હતી	ને	આ	1	1.00000000
બની	રહ્યો	છે	.	1	1.00000000
બાતમીદારોનો	પણ	ઉપયોગ	કરાયો	1	1.00000000
બાબતે	એમણે	તમારો	અભિપ્રાય	1	1.00000000
બાળ	કેદીઓને	મુક્ત	કરવામાં	1	1.00000000
બાળકો	અને	પુખ્ત	વયના	1	1.00000000
બાળકો	બંધ	છે	.	1	1.00000000
બાળગૃહમાંથી	મુકત	કરવામાં	આવશે	1	1.00000000
બાળગૃહોમાં	લગભગ	30,000	બાળકો	1	1.00000000
બિંદુ	આઇટીપી	નું	કામ	1	1.00000000
બિચ્છુવાડાથી	શામળાજી	બોર્ડર	થઈ	1	1.00000000
બિલીંગના	વ્યવહારો	દર્શાવી	અન્ય	1	1.00000000
બી	.	આ	અઠવાડિયે	1	1.00000000
બી	.	ના	પી	1	1.00000000
બીજા	લોકોથી	ક્યારેય	સારું	1	1.00000000
બીજી	તરફ	આ	આરોપી	1	1.00000000
બૂટલેગર	સુનિલ	,	વિનોદ	1	1.00000000
બૂટલેગરો	વિદેશી	દારૃનો	મોટાપાયે	1	1.00000000
બે	તબક્કા	છે	.	1	1.00000000
બે	પ્લેટ	પ્રકાર	હીટ	1	1.00000000
બે	યુવાન	અને	તેની	1	1.00000000
બેગ	લીધો	,	જણાવ્યું	1	1.00000000
બેસણુ	તા	.	રપ	1	1.00000000
બોગસ	બિલીંગના	વ્યવહારો	દર્શાવી	1	1.00000000
બોર્ડર	થઈ	હિંમતનગર	,	1	1.00000000
બ્યુરો	ઓફ	લેબર	સ્ટેટિસ્ટિક્સ	1	1.00000000
ભથ્થું	,	પ્રોવિડન્ટ	ફંડ	1	1.00000000
ભથ્થું	,	શહેર	ભથ્થું	1	1.00000000
ભયને	ધ્યાનમાં	રાખીને	લીધો	1	1.00000000
ભરપાઈ	કરવા	માટે	,	1	1.00000000
ભરવાડ	તેમજ	તેમની	ટીમોએ	1	1.00000000
ભરૂચથી	રાષ્ટ્રપતિ	અંકલેશ્વર	આવી	1	1.00000000
ભાગી	જઈ	બંને	પ્રેમી	1	1.00000000
ભાજપ	સાથે	મળી	શુ	1	1.00000000
ભાજપના	કાર્યકરોએ	જન	આશીર્વાદ	1	1.00000000
ભારે	ચકચાર	મચી	ગઇ	1	1.00000000
ભારે	રોષ	ને	ગુસ્સો	1	1.00000000
ભારે	વીમા	દરોમાં	પરિણમી	1	1.00000000
ભાવ	આપીશ	તેમ	કહી	1	1.00000000
ભીલીસ્તાન	ટાઇગર	સેના	દ્વારા	1	1.00000000
ભેટ	આપી	.	પછી	1	1.00000000
મંત્રી	જ્યોતિરાદિત્ય	સિંધિયાની	જન	1	1.00000000
મચી	ગઇ	છે	.	1	1.00000000
મચ્યો	છે	.	કાગદડી	1	1.00000000
મજા	હશે	.	ગ્રો	1	1.00000000
મન	અને	વિશ્વના	દ્રષ્ટિ	1	1.00000000
મનોહરસિહ	જાડેજાના	માર્ગદર્શન	હેઠળ	1	1.00000000
મર્યાદા	લઇ	જવાની	જરૂર	1	1.00000000
મળી	રહેશે	,	એમ	1	1.00000000
મળી	શુ	ગુટર	ગુ	1	1.00000000
મળે	છે	વેરાવળ	હરસુખલાલ	1	1.00000000
મળેલ	હાર	પર	કોંગ્રેસ	1	1.00000000
મળ્યુ	હતુ	,	ત્યારે	1	1.00000000
મળ્યો	હતો	ને	આ	1	1.00000000
મહત્ત્વ	પણ	સમજાવેલું	છે	1	1.00000000
મહારાષ્ટ્રથી	ઝડપી	પાડયો	હતો	1	1.00000000
મહિનામાં	શરૂ	થશે	.	1	1.00000000
મહિલા	વર્ગના	સપોર્ટથી	સ્થિતિ	1	1.00000000
મહિલાને	કે	આ	સજ્જન	1	1.00000000
મહિસાગર	,	હાલોલ	,	1	1.00000000
મહેન્દ્	બગાડીયાની	સુચના	અને	1	1.00000000
મહેસાણામાં	રીટા	અને	વિરસિંહને	1	1.00000000
માં	અપરાધ	દ્રશ્ય	તપાસકર્તાઓ	1	1.00000000
માગણી	...	આપણાં	શાસ્ત્રોમાં	1	1.00000000
માગતા	હતા	.	તેના	1	1.00000000
માટે	,	અને	વજન	1	1.00000000
માટે	,	પંપનું	જૂથ	1	1.00000000
માટે	,	પ્લેટ	હીટ	1	1.00000000
માટે	ઉપયોગી	છે	.	1	1.00000000
માટે	ઊંચા	જોખમ	પર	1	1.00000000
માટે	એક	વિકલ્પ	પસંદ	1	1.00000000
માટે	કરોડો	રૂપિયાની	ગ્રાન્ટ	1	1.00000000
માટે	નર્મદા	જીલ્લા	પોલીસે	1	1.00000000
માટે	નર્મદા	ડી	.	1	1.00000000
માટે	નિષ્ફળતા	ભારે	વીમા	1	1.00000000
માટે	પોેલીસ	દ્વારા	બાતમીદારોનો	1	1.00000000
માટે	પ્રકાશનનો	દિવસ	વિતાવવો	1	1.00000000
માટે	પ્રતિબદ્ધ	છીએ	.	1	1.00000000
માટે	પ્રસન્ન	હતો	.	1	1.00000000
માટે	રચાયેલ	છે	.	1	1.00000000
માટે	રાહ	જોઈ	રહ્યું	1	1.00000000
માટે	વિવાહનો	શુભ	યોગ	1	1.00000000
માટે	સમય	શુભ	ના	1	1.00000000
માટેનો	સરેરાશ	પગાર	55,040	1	1.00000000
માણસ	ખવડાવી	,	તેમણે	1	1.00000000
માણસ	તેના	સુધી	આવ્યા	1	1.00000000
માણસ	તેની	સાથે	ઘર	1	1.00000000
માણસ	સાથે	પાસે	આવ્યા	1	1.00000000
માત્ર	સુપર	મોડલ	સિવાય	1	1.00000000
માધ્યમથી	સત્તાધીશો	અને	નેતાઓને	1	1.00000000
મામલો	સંસદમાં	ઉઠ્યો	,	1	1.00000000
માર્ગદર્શન	હેઠળ	પોલીસની	૩	1	1.00000000
માવાણીએ	ચાર્મી	ઇન્ડસ્ટ્રીઝના	નામે	1	1.00000000
મિલનભાઇ	હરીશભાઇ	માવાણીએ	ચાર્મી	1	1.00000000
મિશિગનના	નો	ફોલ્ટ	વીમા	1	1.00000000
મુકત	કરવામાં	આવશે	.	1	1.00000000
મુક્ત	કરવાની	માગણી	...	1	1.00000000
મુક્ત	કરવામાં	આવશે	.	1	1.00000000
મુખરજીએ	હોસ્પિટલની	તકતીનું	અનાવરણ	1	1.00000000
મુજબ	કરવામાં	આવે	છે	1	1.00000000
મુદ્દે	ભીલીસ્તાન	ટાઇગર	સેના	1	1.00000000
મુદ્રામાં	તે	વલણ	વ્યક્ત	1	1.00000000
મુલાકાત	છે	,	તેઓ	1	1.00000000
મુશ્કેલ	હોતુ	હતું	જ્યારે	1	1.00000000
મુસાફરી	ભથ્થું	,	શહેર	1	1.00000000
મેઘાલયમાં	લોકોના	જનાદેશનો	સ્વાગત	1	1.00000000
મેદસ્વી	લોકો	પેટની	વિસ્તારમાં	1	1.00000000
મેમરી	,	સમજશક્તિ	,	1	1.00000000
મોટાપાયે	જથ્થો	ખરીદી	મહિસાગર	1	1.00000000
મોટાપાયે	દારૃનો	જથ્થો	ઠલવાય	1	1.00000000
મોડલ	સિવાય	જે	શક્યત	1	1.00000000
મોત	આ	બધી	ફિલ્મો	1	1.00000000
મોરબીના	નાગડાવાસ	નજીક	ગાડી	1	1.00000000
મોરારીબાપુએ	ગાંધીજીની	પ્રતિમાને	પુષ્પ	1	1.00000000
યાત્રા	દરમિયાન	...	ઉત્તર	1	1.00000000
યાત્રા	દરમિયાન	ઈન્દોરના	એક	1	1.00000000
યાત્રા	માટે	સમય	શુભ	1	1.00000000
યુઝર્સને	જતા	કેવી	રીતે	1	1.00000000
યુનાઇટેડ	સ્ટેટ્સ	બ્યુરો	ઓફ	1	1.00000000
યુવાન	અને	તેની	પત્ની	1	1.00000000
યોગ	બની	રહ્યો	છે	1	1.00000000
યોગ્ય	રહેશે	.	એલ	1	1.00000000
યોગ્ય	શબ્દો	,	અને	1	1.00000000
યોજના	બે	પ્લેટ	પ્રકાર	1	1.00000000
યોજના	મુજબ	કરવામાં	આવે	1	1.00000000
યોજનાકીય	કામની	તટસ્થ	તપાસ	1	1.00000000
યોનિમાર્ગ	ખેંચે	છે	,	1	1.00000000
રચાયેલ	છે	.	હોટ	1	1.00000000
રપ	ના	રોજ	સાંજે	1	1.00000000
રબારી	દ્વારા	મોટાપાયે	દારૃનો	1	1.00000000
રમુજી	ઉખાણાઓ	એક	કપ	1	1.00000000
રર	૩	ના	રોજ	1	1.00000000
રસપ્રદ	રહેશે	કે	ટ્વિટર	1	1.00000000
રહેતા	હતા	અને	સમૃદ્ધ	1	1.00000000
રહેલા	રિન્યૂએબલ	એનર્જી	ક્ષેત્રમાં	1	1.00000000
રહેવા	શરૂ	કર્યું	છે	1	1.00000000
રહેશે	,	એમ	અમેરિકાની	1	1.00000000
રહેશે	.	એલ	.	1	1.00000000
રહેશે	.	કેટલાક	જાતકો	1	1.00000000
રહેશે	કે	ટ્વિટર	પોતાના	1	1.00000000
રહ્યા	હતા	.	રાષ્ટ્રપતિએ	1	1.00000000
રહ્યું	,	તેને	જોવા	1	1.00000000
રહ્યો	છે	.	કારણ	1	1.00000000
રાખીને	લીધો	છે	.	1	1.00000000
રાખેલ	છે	.	આ	1	1.00000000
રાજપીપળા	પાલિકાના	છેલ્લા	10	1	1.00000000
રાજસ્થાનના	બિચ્છુવાડાથી	શામળાજી	બોર્ડર	1	1.00000000
રાજ્ય	લઘુતમ	મર્યાદા	લઇ	1	1.00000000
રાજ્યના	બાળગૃહોમાં	લગભગ	30,000	1	1.00000000
રાજ્યપાલ	ઓપી	કોહલી	અને	1	1.00000000
રાજ્યસભાના	સાંસદ	અહેમદ	પટેલ	1	1.00000000
રાજ્યોમાં	મળેલ	હાર	પર	1	1.00000000
રાષ્ટ્રપતિ	અંકલેશ્વર	આવી	પહોંચ્યાં	1	1.00000000
રાષ્ટ્રપતિએ	ગાંધીજીની	પ્રતિમાનું	પણ	1	1.00000000
રાહ	જોઈ	રહ્યું	,	1	1.00000000
રાહુલ	ગાંધી	દ્વારા	પ્રથમ	1	1.00000000
રિજેક્શનના	ભયના	કારણે	તેમની	1	1.00000000
રિન્યૂએબલ	એનર્જી	ક્ષેત્રમાં	આગામી	1	1.00000000
રિસર્ચ	ઇન્સ્ટિટયૂટ	ડબ્લ્યૂઆરઆઇ	એ	1	1.00000000
રીટા	અને	વિરસિંહને	ત્યાં	1	1.00000000
રીતે	એક	વૃદ્ધ	મહિલાને	1	1.00000000
રીતે	પૂજન	કરવું	તેના	1	1.00000000
રીતે	રોકશે	,	અને	1	1.00000000
રૂપિયાની	ગ્રાન્ટ	આપે	છે	1	1.00000000
રૂા	.	૧.	૯૭	1	1.00000000
રૂા	.	૧૦.	૪૨	1	1.00000000
રૂા	.	૧૫.	૬૦	1	1.00000000
રૂા	.	૮.	૪૫	1	1.00000000
રૃપીયા	ચુકવ્યા	વગર	પોતાની	1	1.00000000
રૃપીયાની	તુવેરો	ખરીદી	કર્યા	1	1.00000000
રોકશે	,	અને	શું	1	1.00000000
રોજ	અવસાન	પામેલ	છે	1	1.00000000
રોજ	સાંજે	૪	થી	1	1.00000000
રોજગારીની	તક	મળી	રહેશે	1	1.00000000
રોજગારીની	નવી	તકો	સર્જાવાની	1	1.00000000
રોષ	ને	ગુસ્સો	જોવા	1	1.00000000
લઇ	જવાની	જરૂર	છે	1	1.00000000
લઇ	શકે	છે	ઘણા	1	1.00000000
લઈને	ચિંતા	થઈ	શકે	1	1.00000000
લખશે	તે	પહેલાં	પહેલાંના	1	1.00000000
લખી	ન	હતી	અને	1	1.00000000
લગભગ	30,000	બાળકો	બંધ	1	1.00000000
લગભગ	359	.	બાળ	1	1.00000000
લગભગ	પૂરી	થઈ	ગઈ	1	1.00000000
લઘુતમ	મર્યાદા	લઇ	જવાની	1	1.00000000
લાઇસન્સવાળા	ડ્રાઇવરોને	તેની	રાજ્ય	1	1.00000000
લાખ	રોજગારીની	નવી	તકો	1	1.00000000
લાગણી	ઉત્પન્ન	થવા	લાગે	1	1.00000000
લાગે	છે	.	મોરબીના	1	1.00000000
લાગે	છે	કે	તેઓ	1	1.00000000
લિધો	છે	?	.	1	1.00000000
લીધો	,	જણાવ્યું	હતું	1	1.00000000
લીધો	છે	.	યાત્રા	1	1.00000000
લીમડી	તેમજ	ઝાલોદના	બૂટલેગરો	1	1.00000000
લેતાં	હાલ	સમગ્ર	શહેરમાં	1	1.00000000
લેનારા	80	દર્દીઓમાં	આ	1	1.00000000
લેબર	સ્ટેટિસ્ટિક્સ	અનુસાર	,	1	1.00000000
લેવા	માગતા	હતા	.	1	1.00000000
લોકપ્રિય	કીફિર	પર	અનલોડ	1	1.00000000
લોકાર્પણ	કર્યું	હતું	.	1	1.00000000
લોકો	પેટની	વિસ્તારમાં	તેમના	1	1.00000000
લોકો	માટે	ઉપયોગી	છે	1	1.00000000
લોકો	સ્મિત	આપીને	!	1	1.00000000
લોકોથી	ક્યારેય	સારું	પ્રદર્શન	1	1.00000000
લોકોના	જનાદેશનો	સ્વાગત	કરીએ	1	1.00000000
લોકોનો	વિશ્વાસ	ફરીથી	જીતીવા	1	1.00000000
લોડ	માટે	રચાયેલ	છે	1	1.00000000
વખત	.	તમારા	માટે	1	1.00000000
વખત	સાંભળો	છો	જે	1	1.00000000
વગર	પોતાની	દુકાન	બંધ	1	1.00000000
વચન	આપ્યું	હતું	કે	1	1.00000000
વચ્ચેનો	પગાર	.	તેમજ	1	1.00000000
વજન	આગળ	યોનિમાર્ગ	ખેંચે	1	1.00000000
વજન	ઘટાડવા	માટે	પ્રકાશનનો	1	1.00000000
વજન	લઇ	શકે	છે	1	1.00000000
વડોદરા	શહેર	જિલ્લામાં	ઠાલવે	1	1.00000000
વધારવા	બાબતે	એમણે	તમારો	1	1.00000000
વધારવાની	જરૂર	શુ	પડી	1	1.00000000
વધારે	થશે	.	અઠવાડિયાના	1	1.00000000
વધારો	થવાનો	છે	.	1	1.00000000
વધુ	મજા	હશે	.	1	1.00000000
વધુ	લોકપ્રિય	કીફિર	પર	1	1.00000000
વધુ	સારો	ભાવ	આપીશ	1	1.00000000
વયના	લોકો	માટે	ઉપયોગી	1	1.00000000
વર્ગના	સપોર્ટથી	સ્થિતિ	સુખદ	1	1.00000000
વર્લ્ડ	રિસર્ચ	ઇન્સ્ટિટયૂટ	ડબ્લ્યૂઆરઆઇ	1	1.00000000
વર્ષ	સુધીની	સજા	કરવામાં	1	1.00000000
વર્ષના	યોજનાકીય	કામની	તટસ્થ	1	1.00000000
વર્ષમાં	૨૦૨૨	સુધીમાં	૩.	1	1.00000000
વર્ષે	અમેરિકામાં	32,000	થી	1	1.00000000
વલણ	ધરાવતા	તરુણો	એક	1	1.00000000
વલણ	વ્યક્ત	કરી	શકે	1	1.00000000
વસાવા	તમારા	પક્ષના	પાલિકા	1	1.00000000
વસ્તુઓ	પરત	ફર્યા	હતા	1	1.00000000
વા	લેનારા	80	દર્દીઓમાં	1	1.00000000
વાતને	લઈને	ચિંતા	થઈ	1	1.00000000
વાતો	ફરી	વખત	સાંભળો	1	1.00000000
વાય	એસ	પી	મનોહરસિહ	1	1.00000000
વાયરસના	ભયને	ધ્યાનમાં	રાખીને	1	1.00000000
વિકલ્પ	પસંદ	કરો	જે	1	1.00000000
વિકલ્પરૂપે	આ	ક્ષેત્રે	રોજગારીની	1	1.00000000
વિકાસના	કામો	માટે	કરોડો	1	1.00000000
વિતાવવો	ઉપયોગી	છે	,	1	1.00000000
વિદેશી	દારૃનો	મોટાપાયે	જથ્થો	1	1.00000000
વિનોદ	,	દિલીપ	અને	1	1.00000000
વિપક્ષના	સરકાર	પર	આરોપ	1	1.00000000
વિરસિંહને	ત્યાં	ઉતારવામાં	આવે	1	1.00000000
વિવાહનો	શુભ	યોગ	બની	1	1.00000000
વિશે	ઘણીબધી	ચર્ચા	કરવામાં	1	1.00000000
વિશે	પ્રકાશ	પાડીશું	.	1	1.00000000
વિશ્વના	દ્રષ્ટિ	વ્યાપક	તાલીમ	1	1.00000000
વિશ્વાસ	ફરીથી	જીતીવા	માટે	1	1.00000000
વિસ્તારના	ગરીબ	આદીવાસી	ખેડુતોને	1	1.00000000
વિસ્તારમાં	તેમના	વજન	લઇ	1	1.00000000
વીણાએ	કહ્યુ	હતું	કે	1	1.00000000
વીમા	કાયદાઓએ	તમામ	લાઇસન્સવાળા	1	1.00000000
વીમા	દરોમાં	પરિણમી	શકે	1	1.00000000
વીમા	પૉલિસી	લખશે	તે	1	1.00000000
વીમા	પ્રદાતાઓ	તમને	એક	1	1.00000000
વીમાનો	પુરાવો	જોઈએ	.	1	1.00000000
વૃદ્ધ	મહિલાને	કે	આ	1	1.00000000
વૃદ્ધિ	પામી	રહેલા	રિન્યૂએબલ	1	1.00000000
વેગનઆર	કારમાં	આગ	ભરૂચથી	1	1.00000000
વેચાણો	પર	ઉઘરાવેલ	રૂા	1	1.00000000
વેધક	સવાલો	પત્રિકાના	માધ્યમથી	1	1.00000000
વેપારીઓને	રૂા	.	૮.	1	1.00000000
વેરા	વધારવા	બાબતે	એમણે	1	1.00000000
વેરાકીય	આવકને	નુકશાન	પહોંચાડેલ	1	1.00000000
વેરાવળ	હરસુખલાલ	નાથાલાલ	આશરા	1	1.00000000
વેરાશાખ	તબદીલ	કરેલ	તથા	1	1.00000000
વેરો	સરકારમાં	જમા	કરાવેલ	1	1.00000000
વૈશ્વિક	સંશોધન	સંસ્થા	વર્લ્ડ	1	1.00000000
વોટર	સપ્લાયરની	યોજના	બે	1	1.00000000
વ્યક્ત	કરી	શકે	છે	1	1.00000000
વ્યક્તિગત	ઉષ્ણતા	બિંદુ	આઇટીપી	1	1.00000000
વ્યવહારો	દર્શાવી	અન્ય	વેપારીઓને	1	1.00000000
વ્યસ્ત	છે	.	સરકાર	1	1.00000000
વ્યાપક	તાલીમ	!	કોઈ	1	1.00000000
વ્યાપક	સર્મથન	મળ્યુ	હતુ	1	1.00000000
શકાય	છે	,	Deep@Gmi.com	1	1.00000000
શકે	.	આમ	આ	1	1.00000000
શકે	છે	.	કર્ક	1	0.25000000
શકે	છે	.	કેન્દ્રીય	1	0.25000000
શકે	છે	.	ખુબજ	1	0.25000000
શકે	છે	.	વલણ	1	0.25000000
શકે	છે	ઘણા	કરતાં	1	1.00000000
શક્યત	જૂન	મહિનામાં	શરૂ	1	1.00000000
શક્યતા	છે	.	ખાસ	1	1.00000000
શબ્દો	,	અને	બે	1	1.00000000
શરૂ	કર્યું	છે	.	1	1.00000000
શરૂ	કર્યું	હતું	.	1	1.00000000
શરૂ	થશે	.	વીણાએ	1	1.00000000
શહેર	જિલ્લામાં	ઠાલવે	છે	1	1.00000000
શહેર	ભથ્થું	,	પ્રોવિડન્ટ	1	1.00000000
શહેરમાં	ભારે	ચકચાર	મચી	1	1.00000000
શામળાજી	બોર્ડર	થઈ	હિંમતનગર	1	1.00000000
શાસ્ત્રોમાં	ધનતેરસ	વિશે	ઘણીબધી	1	1.00000000
શીખ્યા	સાથે	રહેવા	શરૂ	1	1.00000000
શુ	ગુટર	ગુ	કરે	1	1.00000000
શુ	પડી	.	સહીત	1	1.00000000
શું	અમિતાભ	બચ્ચના	ટ્વિટર	1	1.00000000
શુભ	ના	હોવાથી	ટાળી	1	1.00000000
શુભ	યોગ	બની	રહ્યો	1	1.00000000
સંકેત	સામે	ટ્વિટર	કોઈ	1	1.00000000
સંપત્તિ	પાછા	આવ્યા	અને	1	1.00000000
સંબંધિત	છે	,	સાંજે	1	1.00000000
સંમત	,	ચોરી	વસ્તુઓ	1	1.00000000
સંશોધન	સંસ્થા	વર્લ્ડ	રિસર્ચ	1	1.00000000
સંસદમાં	ઉઠ્યો	,	વિપક્ષના	1	1.00000000
સંસ્થા	વર્લ્ડ	રિસર્ચ	ઇન્સ્ટિટયૂટ	1	1.00000000
સગર્ભા	સ્ત્રીઓ	અને	ખૂબ	1	1.00000000
સગર્ભાવસ્થામાં	ઠંડીથી	ઇન્હેલેશન	ડીપીટી	1	1.00000000
સજા	કરવામાં	આવી	છે	1	1.00000000
સજ્જન	તેમને	જણાવ્યું	કે	1	1.00000000
સજ્જન	શીખ્યા	સાથે	રહેવા	1	1.00000000
સત્તાધીશો	અને	નેતાઓને	કરતા	1	1.00000000
સત્ય	દર્શાવવામાં	આવે	.	1	1.00000000
સદ્ગતનું	ટેલીફોનીક	બેસણુ	તા	1	1.00000000
સપોર્ટથી	સ્થિતિ	સુખદ	રહેશે	1	1.00000000
સપ્લાઈ	થાય	છે	.	1	1.00000000
સપ્લાયરની	યોજના	બે	પ્લેટ	1	1.00000000
સભ્યોએ	ભાજપ	સાથે	મળી	1	1.00000000
સમગ્ર	શહેરમાં	ભારે	ચકચાર	1	1.00000000
સમજશક્તિ	,	અમને	આસપાસ	1	1.00000000
સમજાવેલું	છે	.	અહીંયાં	1	1.00000000
સમય	શુભ	ના	હોવાથી	1	1.00000000
સમયમાં	તઘલખી	નિર્ણયો	સામે	1	1.00000000
સમૃદ્ધ	હતા	.	ઉખાણાઓ	1	1.00000000
સરકાર	પર	આરોપ	આ	1	1.00000000
સરકાર	વિકાસના	કામો	માટે	1	1.00000000
સરકારની	વેરાકીય	આવકને	નુકશાન	1	1.00000000
સરકારમાં	જમા	કરાવેલ	નથી	1	1.00000000
સરદાર	પટેલ	હોસ્પિટલ	એન્ડ	1	1.00000000
સરળતાથી	જોઈ	શકાય	છે	1	1.00000000
સરેરાશ	પગાર	55,040	હતો	1	1.00000000
સર્જાવાની	શક્યતા	છે	.	1	1.00000000
સર્મથન	મળ્યુ	હતુ	,	1	1.00000000
સવાલો	પત્રિકાના	માધ્યમથી	સત્તાધીશો	1	1.00000000
સહીત	અનેક	વેધક	સવાલો	1	1.00000000
સાંચોર	તેમજ	પાલનપુર	થઈ	1	1.00000000
સાંજે	ચા	અને	રમુજી	1	1.00000000
સાંજે	૪	થી	૬	1	1.00000000
સાંભળો	છો	જે	ક્યારેક	1	1.00000000
સાંસદ	અહેમદ	પટેલ	હાજર	1	1.00000000
સાગબારા	વિસ્તારના	ગરીબ	આદીવાસી	1	1.00000000
સાચી	હકીકત	જણાશે	.	1	1.00000000
સાથે	ઘર	એક	સંપત્તિ	1	1.00000000
સાથે	પાસે	આવ્યા	.	1	1.00000000
સાથે	ભાગી	જઈ	બંને	1	1.00000000
સાથે	મળી	શુ	ગુટર	1	1.00000000
સાથે	રહેવા	શરૂ	કર્યું	1	1.00000000
સાથે	વધુ	મજા	હશે	1	1.00000000
સાથે	સ્વતંત્ર	,	બે	1	1.00000000
સાથે	હરાવ્યું	શરૂ	કર્યું	1	1.00000000
સામે	જનતાએ	જ	અવાઝ	1	1.00000000
સામે	ટ્વિટર	કોઈ	નિવેદન	1	1.00000000
સારવાર	.	સજ્જન	તેમને	1	1.00000000
સારા	જૂના	માણસ	સાથે	1	1.00000000
સારી	રીતે	એક	વૃદ્ધ	1	1.00000000
સારું	પ્રદર્શન	નહીં	કરી	1	1.00000000
સારું	બદલો	લેવા	માગતા	1	1.00000000
સારો	ભાવ	આપીશ	તેમ	1	1.00000000
સારો	હતો	.	સગર્ભાવસ્થામાં	1	1.00000000
સિંધિયાની	જન	આશિર્વાદ	યાત્રા	1	1.00000000
સિન્ડ્રોમ	જોવા	મળે	છે	1	1.00000000
સિવાય	જે	શક્યત	જૂન	1	1.00000000
સિસ્ટમ	માટે	,	પ્લેટ	1	1.00000000
સીરિઝમાં	સત્ય	દર્શાવવામાં	આવે	1	1.00000000
સુખદ	રહેશે	.	કેટલાક	1	1.00000000
સુચના	અને	ડી	વાય	1	1.00000000
સુધી	આવ્યા	અને	કહ્યું	1	1.00000000
સુધી	તેઓ	તમામ	ખેડૂતો	1	1.00000000
સુધીની	સજા	કરવામાં	આવી	1	1.00000000
સુધીમાં	૩.	૩૦	લાખ	1	1.00000000
સુનાવણી	,	જૂના	માણસ	1	1.00000000
સુનિલ	,	વિનોદ	,	1	1.00000000
સુપર	મોડલ	સિવાય	જે	1	1.00000000
સુભાષ	અગ્રવાલે	ખેડુતોને	રૃપીયા	1	1.00000000
સેના	દ્વારા	બંધનુ	એલાન	1	1.00000000
સૌથી	વધુ	લોકપ્રિય	કીફિર	1	1.00000000
સ્ક્રિપ	થી	ફેલો	સ્થાને	1	1.00000000
સ્ટેટિસ્ટિક્સ	અનુસાર	,	2008	1	1.00000000
સ્ટેટ્સ	બ્યુરો	ઓફ	લેબર	1	1.00000000
સ્ટેશનમાં	પ્રાણી	ક્રૂરતાનો	કેસ	1	1.00000000
સ્ત્રીઓ	અને	ખૂબ	જ	1	1.00000000
સ્થાનીક	દેડીયાપાડા	પોલીસ	તેમજ	1	1.00000000
સ્થાને	પહોંચી	ગયું	અને	1	1.00000000
સ્થાપિત	થયેલ	છે	.	1	1.00000000
સ્થિતિ	સુખદ	રહેશે	.	1	1.00000000
સ્મિત	આપીને	!	નર્મદા	1	1.00000000
સ્વતંત્ર	,	બે	તબક્કા	1	1.00000000
સ્વતંત્ર	યોજના	મુજબ	કરવામાં	1	1.00000000
સ્વતંત્રતા	લખી	ન	હતી	1	1.00000000
સ્વવેન	માટે	ઊંચા	જોખમ	1	1.00000000
સ્વવેના	મુદ્રામાં	તે	વલણ	1	1.00000000
સ્વાગત	કરીએ	છે	અને	1	1.00000000
હકીકત	જણાશે	.	ધારાસભ્ય	1	1.00000000
હતા	.	ઉખાણાઓ	બાળકો	1	1.00000000
હતા	.	જૂના	માણસ	1	1.00000000
હતા	.	તેના	બેગ	1	1.00000000
હતા	.	રાષ્ટ્રપતિએ	ગાંધીજીની	1	1.00000000
હતા	.	રિજેક્શનના	ભયના	1	1.00000000
હતા	અને	સમૃદ્ધ	હતા	1	1.00000000
હતાં	જ્યાં	તેમણે	સરદાર	1	1.00000000
હતી	.	જેને	પગલે	1	1.00000000
હતી	.	પછી	ખેડૂતો	1	1.00000000
હતી	અને	એસ્ટેટ	આપી	1	1.00000000
હતી	કે	સીરિઝમાં	સત્ય	1	1.00000000
હતી	ને	આ	આરોપી	1	1.00000000
હતુ	,	ત્યારે	બીજી	1	1.00000000
હતુ	.	જેને	વ્યાપક	1	1.00000000
હતું	.	અવાજ	સુનાવણી	1	1.00000000
હતું	.	આ	ઉદ્ઘાટન	1	1.00000000
હતું	.	જ્યારે	મોરારીબાપુએ	1	1.00000000
હતું	.	પ્રણવ	મુખરજીએ	1	1.00000000
હતું	કે	3	ડી	1	1.00000000
હતું	કે	તેઓ	હરાવ્યું	1	1.00000000
હતું	કે	યોગ્ય	શબ્દો	1	1.00000000
હતું	જ્યારે	આપ	તે	1	1.00000000
હતો	,	અથવા	કલાક	1	1.00000000
હતો	.	આરોપી	કલ્પેશ	1	1.00000000
હતો	.	તે	જ	1	1.00000000
હતો	.	પુરું	પાડવામાં	1	1.00000000
હતો	.	મિશિગનના	નો	1	1.00000000
હતો	.	સગર્ભાવસ્થામાં	ઠંડીથી	1	1.00000000
હતો	જેના	કારણે	ખેડુતોમા	1	1.00000000
હતો	ને	આ	મુદ્દે	1	1.00000000
હરસુખલાલ	નાથાલાલ	આશરા	ઉ	1	1.00000000
હરાવ્યું	અટકે	કરશે	.	1	1.00000000
હરાવ્યું	શરૂ	કર્યું	હતું	1	1.00000000
હરાવ્યું	સુધી	તેઓ	તમામ	1	1.00000000
હરીશભાઇ	માવાણીએ	ચાર્મી	ઇન્ડસ્ટ્રીઝના	1	1.00000000
હશે	.	ગ્રો	અને	1	1.00000000
હાઈકોર્ટના	નિર્દેશોના	પગલે	આ	1	1.00000000
હાજર	રહ્યા	હતા	.	1	1.00000000
હાર	પર	કોંગ્રેસ	અધ્યક્ષ	1	1.00000000
હાર્ટ	ઇન્સ્ટીટયૂટનું	લોકાર્પણ	કર્યું	1	1.00000000
હાલ	સમગ્ર	શહેરમાં	ભારે	1	1.00000000
હાલોલ	,	ગોધરા	,	1	1.00000000
હિંમતનગર	,	ગાંધીનગર	અને	1	1.00000000
હીટ	એક્સચેન્જો	સાથે	સ્વતંત્ર	1	1.00000000
હીટ	એક્સ્ચેન્જર	પૂરી	પાડવામાં	1	1.00000000
હીટિંગ	સિસ્ટમ	માટે	,	1	1.00000000
હીરેશનભાઇ	,	ચેતનભાઇ	ના	1	1.00000000
હું	ઇચ્છતી	હતી	કે	1	1.00000000
હેઠળ	પોલીસની	૩	જેટલી	1	1.00000000
હોઈ	શકે	છે	.	1	1.00000000
હોટ	વોટર	સપ્લાયરની	યોજના	1	1.00000000
હોતુ	હતું	જ્યારે	આપ	1	1.00000000
હોય	છે	.	પણ	1	1.00000000
હોવાથી	ટાળી	દેવી	યોગ્ય	1	1.00000000
હોસ્પિટલ	એન્ડ	હાર્ટ	ઇન્સ્ટીટયૂટનું	1	1.00000000
હોસ્પિટલની	તકતીનું	અનાવરણ	કર્યું	1	1.00000000
હોસ્પિટલનું	અવલોકન	કર્યું	હતું	1	1.00000000
૧.	૯૭	કરોડોનો	વેરો	1	1.00000000
૧૦.	૪૨	કરોડની	સરકારની	1	1.00000000
૧૫.	૬૦	કરોડના	બોગસ	1	1.00000000
૨૦૨૨	સુધીમાં	૩.	૩૦	1	1.00000000
૩	જેટલી	અલગ	અલગ	1	1.00000000
૩	ના	રોજ	અવસાન	1	1.00000000
૩.	૩૦	લાખ	રોજગારીની	1	1.00000000
૩૦	લાખ	રોજગારીની	નવી	1	1.00000000
૪	થી	૬	રાખેલ	1	1.00000000
૪૨	કરોડની	સરકારની	વેરાકીય	1	1.00000000
૪૫	કરોડની	વેરાશાખ	તબદીલ	1	1.00000000
૬	રાખેલ	છે	.	1	1.00000000
૬૦	કરોડના	બોગસ	બિલીંગના	1	1.00000000
૭	થી	૮	કરોડ	1	1.00000000
૭	પ	નિવૃત	જીઇબી	1	1.00000000
૮	કરોડ	રૃપીયાની	તુવેરો	1	1.00000000
૮.	૪૫	કરોડની	વેરાશાખ	1	1.00000000
૯૭	કરોડોનો	વેરો	સરકારમાં	1	1.00000000
